id,question,query
G001,Show me total income for this year.,"SELECT ml.parent as group_name,COUNT(*) as direct_ledgers,STRING_AGG(ml.name, ', ') as ledger_names,SUM(closing_balance) as total_closing_balance FROM mst_ledger ml LEFT JOIN (SELECT ta.ledger,SUM(ta.amount) as net_amount FROM trn_accounting ta JOIN trn_voucher tv ON ta.guid = tv.guid WHERE (tv.is_order_voucher = 0) AND (tv.is_inventory_voucher = 0) AND EXTRACT(YEAR FROM tv.date) = 2020 GROUP BY ta.ledger) trans ON ml.name = trans.ledger WHERE ml.parent IN ('Sales Accounts', 'Direct Incomes', 'Indirect Incomes') GROUP BY ml.parent ORDER BY total_closing_balance DESC;"
G002,Which single customer invoice was the highest in value this year?,"SELECT tv.voucher_number, tv.date, tv.party_name, ABS(ta.amount) AS invoice_value FROM trn_voucher AS tv JOIN trn_accounting AS ta ON tv.guid = ta.guid WHERE tv.date BETWEEN ( SELECT value :: DATE FROM config WHERE name = 'Period From' ) AND ( SELECT value :: DATE FROM config WHERE name = 'Period To' ) AND tv.is_invoice = 1 AND ta.ledger = tv.party_name AND ta.amount < 0 ORDER BY ABS(ta.amount) DESC LIMIT 1;"
G003,What's the total stock value we're holding across all items right now?,SELECT -SUM(closing_value) FROM mst_stock_item;
G004,"Which five items are our fastest-selling, and how much stock do we have of each?","SELECT msi.name AS item_name, SUM(ABS(ti.quantity)) AS total_quantity_sold, msi.closing_balance AS current_stock FROM trn_inventory AS ti JOIN mst_stock_item AS msi ON ti._item = msi.guid WHERE ti.quantity < 0 GROUP BY msi.guid, msi.name, msi.closing_balance ORDER BY total_quantity_sold DESC LIMIT 5;"
G005,List of negative closing balance of Purchase Party,"SELECT name, closing_balance FROM mst_ledger WHERE parent = 'Sundry Creditors' AND closing_balance < 0;"
G006,Show me products with zero movement in last 2 years,"WITH ItemMovement AS (
 SELECT
 ti._item,
 SUM(ABS(ti.quantity)) AS qty_movement
 FROM
 trn_inventory ti
 JOIN
 trn_voucher tv ON ti.guid = tv.guid
 WHERE
 tv.date BETWEEN '2020-04-01' AND '2021-03-31'
 GROUP BY
 ti._item
)
SELECT
 msi.name AS item_name,
 COALESCE(msi.closing_balance,0) AS closing_quantity,
 COALESCE(msi.closing_value,0) AS closing_value
FROM
 mst_stock_item msi
LEFT JOIN
 ItemMovement im ON msi.guid = im._item
WHERE
 COALESCE(im.qty_movement,0) = 0
ORDER BY
 msi.name;"
G007,Recent transaction history of <ITEM_NAME>,"SELECT tv.date, tv.voucher_type, tv.voucher_number, tv.party_name, ti.quantity, ti.rate, ti.amount, ti.godown FROM trn_inventory AS ti JOIN trn_voucher AS tv ON ti.guid = tv.guid WHERE ti.item = 'INSTANT WHEAT DALIA 250GM-T' ORDER BY tv.date DESC;"
G008,Show me latest 5 sales of <ITEM_NAME>,"SELECT T2.date, T2.voucher_number, T1.name AS item_name, T3.quantity, T3.rate, T3.amount, T2.party_name FROM mst_stock_item AS T1 INNER JOIN trn_inventory AS T3 ON T1.guid = T3._item INNER JOIN trn_voucher AS T2 ON T3.guid = T2.guid WHERE T1.name = 'AASTHA AGARBATTI PATCHOULI - 75 GM' AND T3.quantity < 0 ORDER BY T2.date DESC LIMIT 5;"
G009,Display recent purchase entries for <ITEM_NAME>,"SELECT T1.date AS voucher_date, T1.voucher_type, T1.voucher_number, T1.party_name, T3.name AS item_name, T2.quantity, T2.rate, T2.amount, T2.godown FROM trn_voucher AS T1 JOIN trn_inventory AS T2 ON T1.guid = T2.guid JOIN mst_stock_item AS T3 ON T2._item = T3.guid WHERE T3.name = 'Kesh Kanti Hair Oil 120ml' AND T2.quantity > 0 ORDER BY T1.date DESC;"
G010,Stock position of <ITEM_NAME>,SELECT closing_balance FROM mst_stock_item WHERE name = 'Mustard Oil 5 L (J)';
G011,Daily cash collection from customers,"SELECT tv.date AS collection_date, SUM(ABS(ta.amount)) AS total_cash_collection FROM trn_voucher AS tv JOIN trn_accounting AS ta ON tv.guid = ta.guid JOIN mst_ledger AS ml ON ta._ledger = ml.guid JOIN mst_group AS mg ON ml._parent = mg.guid WHERE tv.voucher_type = 'Receipt' AND mg.name = 'Cash-in-hand' AND ta.amount < 0 GROUP BY tv.date ORDER BY tv.date;"
G012,List all suppliers with negative balance,"SELECT name, closing_balance FROM mst_ledger WHERE parent = 'Sundry Creditors' AND closing_balance < 0;"
G013,Show me customers with outstanding credit balance,"SELECT
 ml.name AS ledger_name,
 ABS(ml.closing_balance) AS credit_balance
FROM mst_ledger AS ml
JOIN mst_group AS mg
 ON ml._parent = mg.guid
WHERE
 mg.primary_group = 'Sundry Debtors'
 AND ml.closing_balance > 0
ORDER BY ml.name;"
G014,Display party wise closing balance summary,"SELECT ml.name AS vendor_name, CASE WHEN ml.closing_balance > 0 THEN ABS(ml.closing_balance) ELSE 0 END AS credit_balance, CASE WHEN ml.closing_balance < 0 THEN ABS(ml.closing_balance) ELSE 0 END AS debit_balance FROM mst_ledger AS ml JOIN mst_group AS mg ON ml._parent = mg.guid WHERE mg.primary_group = 'Sundry Debtors' ORDER BY ml.name;"
G015,Show me vendor wise credit balance report,"SELECT ml.name AS vendor_name, CASE WHEN ml.closing_balance > 0 THEN ABS(ml.closing_balance) ELSE 0 END AS credit_balance, CASE WHEN ml.closing_balance < 0 THEN ABS(ml.closing_balance) ELSE 0 END AS debit_balance FROM mst_ledger AS ml JOIN mst_group AS mg ON ml._parent = mg.guid WHERE mg.primary_group = 'Sundry Creditors' ORDER BY ml.name;"
G016,Party wise Payment Performance Reports,"SELECT ml.name AS party_name,SUM(CASE WHEN mvt.name = 'Receipt' THEN -ta.amount ELSE 0 END) AS total_received,SUM(CASE WHEN mvt.name = 'Payment' THEN ta.amount ELSE 0 END) AS total_paid FROM trn_voucher AS tv JOIN trn_accounting AS ta ON tv.guid = ta.guid JOIN mst_ledger AS ml ON ta._ledger = ml.guid JOIN mst_vouchertype AS mvt ON tv._voucher_type = mvt.guid WHERE tv.date >= '2020-04-01' AND tv.date <= '2021-03-31' AND mvt.name IN ('Receipt', 'Payment') AND ta._ledger = tv._party_name GROUP BY ml.name ORDER BY ml.name;"
G017,Last Top 5 sales transaction of <ITEM_NAME>,"WITH raw_inv AS ( SELECT v.date, v.voucher_number, v.voucher_type, v.party_name, si.name AS item_name, ti.tracking_number, ti.quantity, ti.rate FROM trn_inventory ti JOIN trn_voucher v ON ti.guid = v.guid JOIN mst_stock_item si ON ti._item = si.guid WHERE LOWER(v.voucher_type) LIKE '%sales%' AND v.is_order_voucher = 0 AND ti.quantity < 0 AND si.name = 'AAMVATARI RAS-40 TAB' ) SELECT date, voucher_type, voucher_number, party_name, item_name, SUM(quantity) AS total_quantity, ROUND(SUM(quantity * rate), 2) AS total_amount FROM ( SELECT DISTINCT voucher_number, tracking_number, date, voucher_type, party_name, item_name, quantity, rate FROM raw_inv ) deduped GROUP BY date, voucher_type, voucher_number, party_name, item_name ORDER BY date DESC LIMIT 5;"
G018,ALOEVERA KANTI BODY CLEANSER 150 G.STOCK wise Sale,"SELECT tv.date,
 ti.godown,
 SUM(ti.quantity)AS total_quantity_sold,
 SUM(ti.amount) as total_sale_amount FROM trn_inventory AS ti
 JOIN trn_voucher AS tv
 ON ti.guid = tv.guid
 JOIN mst_stock_item AS msi
 ON ti._item = msi.guid
WHERE msi.name = 'NET100013 - Aruba ACCESS POINT AP11' AND ti.quantity < 0
GROUP BY tv.date,ti.godown
ORDER BY tv.date;"
G019,AAMVATARI RAS-40 TAB purchase,"SELECT name,closing_balance FROM mst_ledger WHERE parent = 'Sundry Creditors' AND closing_balance < 0;"
G020,Party wise Products wise Sale and Purchase report,"SELECT tv.date,
 tv.voucher_number,
 tv.party_name,
 msi.name AS item_name,
 ti.quantity,ti.rate,
 ti.amount FROM trn_inventory AS ti
 JOIN trn_voucher AS tv
 ON ti.guid = tv.guid
 JOIN mst_stock_item AS msi
 ON ti._item = msi.guid
WHERE msi.name = 'NET100013 - Aruba ACCESS POINT AP11' AND ti.quantity > 0 ;"
G021,Not moving Inventory since last 1 year,"WITH base_data AS (
 SELECT
 tv.guid,
 tv.date,
 tv.voucher_number,
 tv.voucher_type,
 tv.party_name,
 ml.name AS ledger_name,
 mg.name AS ledger_group,
 ta.amount
 FROM trn_voucher tv
 JOIN trn_accounting ta ON tv.guid = ta.guid
 JOIN mst_ledger ml ON ta._ledger = ml.guid
 JOIN mst_group mg ON ml._parent = mg.guid
 WHERE
 tv.is_order_voucher = 0
 AND LOWER(tv.voucher_type) LIKE '%sales%'
 AND tv.date BETWEEN '2022-04-01' AND '2023-03-31'
),
inventory_data AS (
 SELECT
 ti.guid,
 si.name AS item_name,
 ABS(ti.quantity) AS quantity,
 ABS(ti.rate) AS rate,
 ABS(ti.amount) AS item_value
 FROM trn_inventory ti
 JOIN mst_stock_item si ON ti._item = si.guid
 WHERE ti.quantity < 0 -- Outward movement for sales
),
tax_data AS (
 SELECT
 guid,
 SUM(CASE
 WHEN LOWER(REPLACE(ledger_name,' ','')) LIKE '%outputcgst%'
 OR LOWER(REPLACE(ledger_name,' ','')) LIKE '%cgst%'
 THEN ABS(amount)
 ELSE 0
 END) AS cgst,
 SUM(CASE
 WHEN LOWER(REPLACE(ledger_name,' ','')) LIKE '%outputsgst%'
 OR LOWER(REPLACE(ledger_name,' ','')) LIKE '%sgst%'
 THEN ABS(amount)
 ELSE 0
 END) AS sgst,
 SUM(CASE
 WHEN LOWER(REPLACE(ledger_name,' ','')) LIKE '%outputigst%'
 OR LOWER(REPLACE(ledger_name,' ','')) LIKE '%igst%'
 THEN ABS(amount)
 ELSE 0
 END) AS igst,
 SUM(CASE
 WHEN LOWER(ledger_name) LIKE '%discount%'
 OR LOWER(ledger_name) LIKE '%rebate%'
 OR LOWER(ledger_name) LIKE '%scheme%'
 THEN ABS(amount)
 ELSE 0
 END) AS discount
 FROM base_data
 GROUP BY guid
)
SELECT
 tv.date,
 tv.voucher_number,
 tv.voucher_type,
 tv.party_name,
 i.item_name,
 i.quantity,
 i.rate,
 i.item_value AS taxable_value,
 t.discount,
 t.cgst,
 t.sgst,
 t.igst,
 (t.cgst + t.sgst + t.igst) AS total_gst,
 (i.item_value + t.cgst + t.sgst + t.igst) AS invoice_total
FROM trn_voucher tv
JOIN inventory_data i ON tv.guid = i.guid
LEFT JOIN tax_data t ON tv.guid = t.guid
WHERE
 LOWER(tv.voucher_type) LIKE '%sales%'
 AND tv.date BETWEEN '2020-04-01' AND '2020-04-30'
ORDER BY
 tv.date,
 tv.voucher_number,
 i.item_name;"
G022,How much did we spend in April 2020?,"WITH ItemMovement AS (
 SELECT
 ti._item,
 SUM(ABS(ti.quantity)) AS qty_movement
 FROM
 trn_inventory ti
 JOIN
 trn_voucher tv ON ti.guid = tv.guid
 WHERE
 tv.date BETWEEN '2020-04-01' AND '2021-03-31'
 GROUP BY
 ti._item
)
SELECT
 msi.name AS item_name,
 COALESCE(msi.closing_balance,0) AS closing_quantity,
 COALESCE(msi.closing_value,0) AS closing_value
FROM
 mst_stock_item msi
LEFT JOIN
 ItemMovement im ON msi.guid = im._item
WHERE
 COALESCE(im.qty_movement,0) = 0
ORDER BY
 msi.name;"
G023,How much did we spend last month?,"SELECT SUM(ABS(ta.amount)) FROM trn_accounting ta JOIN trn_voucher tv ON ta.guid = tv.guid WHERE tv.date >= '2020-04-01' AND tv.date <= '2020-04-30' AND tv.voucher_type IN ('Payment', 'Purchase') AND ta.amount < 0;"
G024,What are the top expenses this month?,"SELECT SUM(ABS(ta.amount)) FROM trn_accounting ta JOIN trn_voucher tv ON ta.guid = tv.guid WHERE tv.date >= '2020-04-01' AND tv.date <= '2020-04-30' AND tv.voucher_type IN ('Payment', 'Purchase') AND ta.amount < 0;"
G025,What is the balance in the Cash ledger?,"SELECT ml.name AS ledger_name, SUM(CASE WHEN ta.amount < 0 THEN ABS(ta.amount) ELSE 0 END) AS total_debit, SUM(CASE WHEN ta.amount > 0 THEN ta.amount ELSE 0 END) AS total_credit, SUM(ta.amount) AS net_amount FROM mst_ledger ml LEFT JOIN ( SELECT ta.ledger, ta.amount FROM trn_accounting ta JOIN trn_voucher tv ON ta.guid = tv.guid WHERE (tv.is_order_voucher = 0) AND (tv.is_inventory_voucher = 0) AND tv.date >= '2020-05-01' AND tv.date <= '2020-05-31' ) ta ON ml.name = ta.ledger WHERE ml.parent = 'Indirect Expenses' GROUP BY ml.name HAVING SUM(CASE WHEN ta.amount < 0 THEN ABS(ta.amount) ELSE 0 END) > 0 OR SUM(CASE WHEN ta.amount > 0 THEN ta.amount ELSE 0 END) > 0 ORDER BY total_debit DESC;"
G026,How much do we owe to creditors?,"WITH monthly_cash AS (SELECT EXTRACT(YEAR FROM tv.date) as year, EXTRACT(MONTH FROM tv.date) as month, TO_CHAR(tv.date, 'Month') as month_name, SUM(ta.amount) as net_amount FROM trn_accounting ta JOIN trn_voucher tv ON ta.guid = tv.guid JOIN mst_ledger ml ON ta.ledger = ml.name WHERE (tv.is_order_voucher = 0) AND (tv.is_inventory_voucher = 0) AND ml.name = 'Cash' AND tv.date BETWEEN '2020-04-01' AND '2021-03-31' GROUP BY EXTRACT(YEAR FROM tv.date), EXTRACT(MONTH FROM tv.date), TO_CHAR(tv.date, 'Month')), opening_balance AS (SELECT opening_balance as cash_opening FROM mst_ledger WHERE name = 'Cash') SELECT month_name, year, month, net_amount, (SELECT cash_opening FROM opening_balance) + SUM(net_amount) OVER (ORDER BY year, month ROWS UNBOUNDED PRECEDING) as closing_balance FROM monthly_cash ORDER BY year, month;"
G027,Who are our debtors and how much do they owe?,"SELECT ml.name as creditor_name, ml.opening_balance, COALESCE(trans.net_amount, 0) as net_transactions, (ml.opening_balance + COALESCE(trans.net_amount, 0)) as outstanding_amount FROM mst_ledger ml LEFT JOIN ( SELECT ta.ledger, SUM(ta.amount) as net_amount FROM trn_accounting ta JOIN trn_voucher tv ON ta.guid = tv.guid WHERE (tv.is_order_voucher = 0) AND (tv.is_inventory_voucher = 0) AND EXTRACT(YEAR FROM tv.date) = 2021 GROUP BY ta.ledger ) trans ON ml.name = trans.ledger WHERE ml.parent = 'Sundry Creditors' AND (ml.opening_balance + COALESCE(trans.net_amount, 0)) != 0 ORDER BY outstanding_amount DESC;"
G028,What's the closing balance for the Bank account?,"SELECT
 ml.name AS ledger_name,
 CASE
 WHEN ml.closing_balance > 0 THEN ABS(ml.closing_balance)
 ELSE 0
 END AS credit_balance,
 CASE
 WHEN ml.closing_balance < 0 THEN ABS(ml.closing_balance)
 ELSE 0
 END AS debit_balance,
 ml.closing_balance AS actual_balance
FROM mst_ledger AS ml
JOIN mst_group AS mg
 ON ml._parent = mg.guid
WHERE
 mg.primary_group = 'Sundry Debtors'
ORDER BY ml.name;"
G029,Give me a list of all ledger balances.,"SELECT name, closing_balance FROM mst_ledger WHERE bank_account_number IS NOT NULL AND bank_account_number != '';"
G030,Show all vouchers for today.,"SELECT name, closing_balance FROM mst_ledger;"
G031,List all purchase vouchers for April.,"SELECT
 MAX(tv.date) AS date,
 MAX(tv.narration) AS narration,
 tv.voucher_type,
 tv.voucher_number,
 ml.name AS ledger_name,
 SUM(CASE WHEN ta.amount > 0 THEN ta.amount ELSE 0 END) AS total_debit,
 SUM(CASE WHEN ta.amount < 0 THEN ABS(ta.amount) ELSE 0 END) AS total_credit
FROM trn_voucher tv
JOIN trn_accounting ta
 ON tv.guid = ta.guid
JOIN mst_ledger ml
 ON ta._ledger = ml.guid
WHERE tv.date = '2020-06-30'
GROUP BY
 tv.voucher_type,
 tv.voucher_number,
 ml.name
ORDER BY
 tv.voucher_type,
 tv.voucher_number,
 ml.name;"
G032,Show me all journal entries made yesterday.,"WITH base_data AS (
 SELECT
 tv.guid,
 tv.date,
 tv.voucher_number,
 tv.voucher_type,
 tv.party_name,
 ml.name AS ledger_name,
 mg.name AS ledger_group,
 ta.amount
 FROM trn_voucher tv
 JOIN trn_accounting ta ON tv.guid = ta.guid
 JOIN mst_ledger ml ON ta._ledger = ml.guid
 JOIN mst_group mg ON ml._parent = mg.guid
 WHERE
 tv.is_order_voucher = 0
 AND tv.is_inventory_voucher = 0
 AND LOWER(tv.voucher_type) LIKE '%purchase%'
 AND tv.date BETWEEN '2020-05-01' AND '2020-05-31'
),
inventory_data AS (
 SELECT
 guid,
 SUM(ABS(quantity)) AS total_quantity
 FROM trn_inventory
 WHERE quantity > 0
 GROUP BY guid
),
aggregated_data AS (
 SELECT
 b.date,
 b.voucher_number,
 b.voucher_type,
 b.party_name,
 b.guid,
 /* Taxable Value */
 SUM(CASE
 WHEN b.ledger_group IN ('Purchase Accounts')
 THEN ABS(b.amount) ELSE 0 END
 ) AS taxable_value,
 /* Discounts */
 SUM(CASE
 WHEN LOWER(b.ledger_name) LIKE '%discount%'
 OR LOWER(b.ledger_name) LIKE '%incentive%'
 OR LOWER(b.ledger_name) LIKE '%margin%'
 THEN ABS(b.amount) ELSE 0 END
 ) AS total_discount,
 /* GST */
 SUM(CASE
 WHEN LOWER(REPLACE(b.ledger_name,' ','')) LIKE '%inputcgst%'
 OR LOWER(REPLACE(b.ledger_name,' ','')) LIKE '%cgst%'
 THEN ABS(b.amount)
 ELSE 0
 END) AS cgst,
 SUM(CASE
 WHEN LOWER(REPLACE(b.ledger_name,' ','')) LIKE '%inputsgst%'
 OR LOWER(REPLACE(b.ledger_name,' ','')) LIKE '%sgst%'
 THEN ABS(b.amount)
 ELSE 0
 END) AS sgst,
 SUM(CASE
 WHEN LOWER(REPLACE(b.ledger_name,' ','')) LIKE '%inputigst%'
 OR LOWER(REPLACE(b.ledger_name,' ','')) LIKE '%igst%'
 THEN ABS(b.amount)
 ELSE 0
 END) AS igst,
 COALESCE(MAX(i.total_quantity),0) AS total_quantity
 FROM base_data b
 LEFT JOIN inventory_data i ON b.guid = i.guid
 GROUP BY
 b.date,
 b.voucher_number,
 b.voucher_type,
 b.party_name,
 b.guid
)
SELECT
 date,
 voucher_number,
 voucher_type,
 party_name,
 total_quantity,
 (taxable_value + total_discount) AS gross_purchase_value,
 total_discount,
 taxable_value,
 cgst,
 sgst,
 igst,
 (cgst + sgst + igst) AS total_gst,
 (taxable_value + cgst + sgst + igst) AS invoice_total
FROM aggregated_data
ORDER BY date, voucher_number;"
G033,Which inventory items currently have fewer than 10 units in stock?,"SELECT tv.voucher_number, tv.date, tv.narration, tv.party_name FROM trn_voucher AS tv JOIN mst_vouchertype AS mv ON tv._voucher_type = mv.guid WHERE mv.name = 'Journal' AND tv.date = '2020-06-29';"
G034,What's the total amount our customers owe us as of today?,"SELECT name, closing_balance FROM mst_stock_item WHERE closing_balance < 10;"
G035,Which months experienced negative cash flow?,"WITH CustomerLedgers AS (SELECT guid, opening_balance FROM mst_ledger WHERE parent = 'DISTRIBUTORS'), TransactionAmounts AS (SELECT ta._ledger, SUM(ta.amount) AS ledger_transaction_amount FROM trn_accounting ta JOIN trn_voucher tv ON ta.guid = tv.guid WHERE tv.date <= '2020-06-30' AND ta._ledger IN (SELECT guid FROM CustomerLedgers) GROUP BY ta._ledger) SELECT - SUM(COALESCE(cl.opening_balance, 0) + COALESCE(ta.ledger_transaction_amount, 0)) AS total_amount_owed FROM CustomerLedgers cl LEFT JOIN TransactionAmounts ta ON cl.guid = ta._ledger;"
G036,How much revenue have we booked in this financial year?,"SELECT EXTRACT(YEAR FROM tv.date) AS year, EXTRACT(MONTH FROM tv.date) AS month FROM trn_accounting AS ta JOIN trn_voucher AS tv ON ta.guid = tv.guid WHERE ta._ledger = ( SELECT guid FROM mst_ledger WHERE name = 'Cash' LIMIT 1 ) GROUP BY EXTRACT(YEAR FROM tv.date), EXTRACT(MONTH FROM tv.date) HAVING SUM(ta.amount) > 0 ORDER BY year, month;"
G037,What's the total value of purchases we made this quarter?,"WITH FinancialYear AS ( SELECT value AS period_from FROM config WHERE name = 'Period From' ), FinancialYearEnd AS ( SELECT value AS period_to FROM config WHERE name = 'Period To' ) SELECT SUM(ta.amount) AS total_revenue FROM trn_accounting AS ta JOIN trn_voucher AS tv ON ta.guid = tv.guid JOIN mst_ledger AS ml ON ta._ledger = ml.guid JOIN mst_group AS mg ON ml._parent = mg.guid JOIN FinancialYear AS fy ON tv.date >= fy.period_from :: DATE JOIN FinancialYearEnd AS fye ON tv.date <= fye.period_to :: DATE WHERE mg.is_revenue = 1 AND ta.amount > 0;"
G038,How many payment vouchers did we process last month?,SELECT SUM(-ti.amount) FROM trn_inventory ti JOIN trn_voucher tv ON ti.guid = tv.guid WHERE tv.date BETWEEN '2020-09-01' AND '2020-12-31' AND tv.voucher_type = 'Purchase';
G039,Show me all items that currently have zero stock on hand.,SELECT COUNT(*) FROM trn_voucher WHERE voucher_type = 'Payment' AND date >= '2020-04-01' AND date < '2020-04-30';
G040,What's the total quantity of stock that came in this month?,SELECT name FROM mst_stock_item WHERE closing_balance = 0;
G041,What's the total quantity of stock that went out (sales) this month?,SELECT SUM(ti.quantity) FROM trn_inventory AS ti JOIN trn_voucher AS tv ON ti.guid = tv.guid WHERE tv.date >= '2020-04-01' AND tv.date < '2020-04-30' AND ti.quantity > 0;
G042,What's the total quantity and value of stock returns (sales returns) this year?,SELECT SUM(ABS(ti.quantity)) FROM trn_inventory AS ti JOIN trn_voucher AS tv ON ti.guid = tv.guid WHERE tv.date >= '2020-04-01' AND tv.date < '2020-04-30' AND ti.quantity < 0;
G043,⁠Top 10 Product Sales,"SELECT
 SUM(ti.quantity) AS total_quantity,
 SUM(ti.amount) AS total_value
FROM trn_inventory ti
JOIN trn_voucher tv
 ON ti.guid = tv.guid
JOIN mst_vouchertype vt
 ON tv._voucher_type = vt.guid
WHERE ti.quantity > 0
AND vt.parent IN (
 'Credit Note - BPOS',
 'Credit Note-Goods Rtn',
 'Credit Note'
)
AND tv.date BETWEEN '2020-04-01' AND '2021-03-31';"
G044,⁠Not moving Inventory since last 1 year.,"SELECT msi.name, SUM(ti.amount) AS total_sales_value FROM trn_inventory AS ti JOIN mst_stock_item AS msi ON ti._item = msi.guid WHERE ti.quantity < 0 GROUP BY msi.name ORDER BY total_sales_value DESC LIMIT 10;"
G045,Top 10 Customers Payment Performance Report,"WITH ItemMovement AS (
 SELECT
 ti._item,
 SUM(ABS(ti.quantity)) AS qty_movement
 FROM
 trn_inventory ti
 JOIN
 trn_voucher tv ON ti.guid = tv.guid
 WHERE
 tv.date BETWEEN '2020-04-01' AND '2021-03-31'
 GROUP BY
 ti._item
)
SELECT
 msi.name AS item_name,
 COALESCE(msi.closing_balance,0) AS closing_quantity,
 COALESCE(msi.closing_value,0) AS closing_value
FROM
 mst_stock_item msi
LEFT JOIN
 ItemMovement im ON msi.guid = im._item
WHERE
 COALESCE(im.qty_movement,0) = 0
ORDER BY
 msi.name;"
G046,Generate monthly sales and purchase summary by vendor  <VENDOR_NAME>,"SELECT ml.name AS customer_name, SUM(-ta.amount) AS total_payment_received FROM trn_voucher AS tv JOIN trn_accounting AS ta ON tv.guid = ta.guid JOIN mst_ledger AS ml ON ta._ledger = ml.guid JOIN mst_vouchertype AS mvt ON tv._voucher_type = mvt.guid WHERE tv.date >= '2020-04-01' AND tv.date <= '2021-03-31' AND mvt.name = 'Receipt' AND ta._ledger = tv._party_name GROUP BY ml.name ORDER BY total_payment_received DESC LIMIT 10;"
G047,Find items with no sales activity since last quarter,"SELECT TO_CHAR(tv.date, 'YYYY-MM') AS transaction_month, ml.name AS vendor_name, tv.voucher_type AS transaction_type, SUM(ta.amount) AS total_amount FROM trn_voucher AS tv JOIN trn_accounting AS ta ON tv.guid = ta.guid JOIN mst_ledger AS ml ON tv._party_name = ml.guid AND ta._ledger = ml.guid WHERE tv.voucher_type IN ('Sales', 'Purchase') GROUP BY transaction_month, vendor_name, transaction_type ORDER BY transaction_month, vendor_name, transaction_type;"
G048,Sales performance of <ITEM_NAME>,SELECT T1.name FROM mst_stock_item AS T1 WHERE T1.guid NOT IN ( SELECT T2._item FROM trn_inventory AS T2 JOIN trn_voucher AS T3 ON T2.guid = T3.guid WHERE T3.date BETWEEN '2021-01-01' AND '2021-03-31' AND T2.quantity < 0 );
G049,Show me movement of <ITEM_NAME>,"SELECT
 tv.date,
 tv.voucher_number,
 tv.party_name,
 si.name AS item_name,
 ABS(ti.quantity) AS quantity_sold,
 ABS(ti.rate) AS rate,
 ABS(ti.amount) AS sales_value
FROM trn_inventory ti
JOIN mst_stock_item si
 ON ti._item = si.guid
JOIN trn_voucher tv
 ON ti.guid = tv.guid
JOIN mst_vouchertype mv
 ON tv.voucher_type = mv.name
WHERE
 si.name = 'AASTHA CAMPHOR 25 GM'
 AND mv.parent = 'Sales'
 AND ti.quantity < 0
ORDER BY
 tv.date,
 tv.voucher_number;"
G050,Find all accounts with negative purchase ledger balance,"SELECT *
FROM (
 /* Opening Stock Row */
 SELECT
 DATE '2020-04-01' AS Date,
 'Opening' AS Voucher,
 '' AS Party,
 si.name AS Item,
 0 AS outward_qty,
 0 AS outward_rate,
 0 AS outward_value,
 ABS(si.opening_balance) AS inward_qty,
 ABS(si.opening_rate) AS inward_rate,
 ABS(si.opening_balance * si.opening_rate) AS inward_value
 FROM mst_stock_item si
 WHERE si.name = 'AASTHA CAMPHOR 25 GM'
 UNION ALL
 /* Stock Movements */
 SELECT
 tv.date,
 tv.voucher_number,
 tv.party_name,
 si.name,
 CASE WHEN ti.quantity < 0 THEN ABS(ti.quantity) ELSE 0 END,
 CASE WHEN ti.quantity < 0 THEN ABS(ti.rate) ELSE 0 END,
 CASE WHEN ti.quantity < 0 THEN ABS(ti.amount) ELSE 0 END,
 CASE WHEN ti.quantity > 0 THEN ABS(ti.quantity) ELSE 0 END,
 CASE WHEN ti.quantity > 0 THEN ABS(ti.rate) ELSE 0 END,
 CASE WHEN ti.quantity > 0 THEN ABS(ti.amount) ELSE 0 END
 FROM trn_inventory ti
 JOIN mst_stock_item si ON ti._item = si.guid
 JOIN trn_voucher tv ON ti.guid = tv.guid
 JOIN mst_vouchertype mv ON tv.voucher_type = mv.name
 WHERE
 si.name = 'AASTHA CAMPHOR 25 GM'
 AND tv.is_order_voucher = 0
 /* FINAL FIX: Exclude DN & RN via PARENT */
 AND mv.parent NOT IN ('Delivery Note', 'Receipt Note')
) stock_ledger
ORDER BY Date, Voucher;"
G051,What percentage of our sales were cash sales versus credit sales?,"SELECT name, closing_balance FROM mst_ledger WHERE parent = 'Sundry Creditors' AND closing_balance < 0;"
G052,Party wise Products wise Sale report,"SELECT COALESCE(ROUND((SUM(CASE WHEN tv.party_name = 'Cash' THEN ta.amount ELSE 0 END) * 100.0) / NULLIF(SUM(CASE WHEN tv.party_name = 'Cash' THEN ta.amount ELSE 0 END) + SUM(CASE WHEN tv.party_name <> 'Cash' THEN ta.amount ELSE 0 END), 0), 2), 0.0) AS cash_sales_percentage, COALESCE(ROUND((SUM(CASE WHEN tv.party_name <> 'Cash' THEN ta.amount ELSE 0 END) * 100.0) / NULLIF(SUM(CASE WHEN tv.party_name = 'Cash' THEN ta.amount ELSE 0 END) + SUM(CASE WHEN tv.party_name <> 'Cash' THEN ta.amount ELSE 0 END), 0), 2), 0.0) AS credit_sales_percentage FROM trn_voucher AS tv JOIN trn_accounting AS ta ON tv.guid = ta.guid WHERE tv.voucher_type = 'Sales' AND ta.amount > 0;"
G053,⁠Product wise Party wise Purchase Report,"WITH base_data AS (
 SELECT
 tv.guid,
 tv.date,
 tv.voucher_number,
 tv.voucher_type,
 tv.party_name,
 ml.name AS ledger_name,
 mg.name AS ledger_group,
 ta.amount
 FROM trn_voucher tv
 JOIN trn_accounting ta ON tv.guid = ta.guid
 JOIN mst_ledger ml ON ta._ledger = ml.guid
 JOIN mst_group mg ON ml._parent = mg.guid
 WHERE
 tv.is_order_voucher = 0
 AND LOWER(tv.voucher_type) LIKE '%sales%'
 AND tv.date BETWEEN '2022-04-01' AND '2023-03-31'
),
inventory_data AS (
 SELECT
 ti.guid,
 si.name AS item_name,
 ABS(ti.quantity) AS quantity,
 ABS(ti.rate) AS rate,
 ABS(ti.amount) AS item_value
 FROM trn_inventory ti
 JOIN mst_stock_item si ON ti._item = si.guid
 WHERE ti.quantity < 0 -- Outward movement for sales
),
tax_data AS (
 SELECT
 guid,
 SUM(CASE
 WHEN LOWER(REPLACE(ledger_name,' ','')) LIKE '%outputcgst%'
 OR LOWER(REPLACE(ledger_name,' ','')) LIKE '%cgst%'
 THEN ABS(amount)
 ELSE 0
 END) AS cgst,
 SUM(CASE
 WHEN LOWER(REPLACE(ledger_name,' ','')) LIKE '%outputsgst%'
 OR LOWER(REPLACE(ledger_name,' ','')) LIKE '%sgst%'
 THEN ABS(amount)
 ELSE 0
 END) AS sgst,
 SUM(CASE
 WHEN LOWER(REPLACE(ledger_name,' ','')) LIKE '%outputigst%'
 OR LOWER(REPLACE(ledger_name,' ','')) LIKE '%igst%'
 THEN ABS(amount)
 ELSE 0
 END) AS igst,
 SUM(CASE
 WHEN LOWER(ledger_name) LIKE '%discount%'
 OR LOWER(ledger_name) LIKE '%rebate%'
 OR LOWER(ledger_name) LIKE '%scheme%'
 THEN ABS(amount)
 ELSE 0
 END) AS discount
 FROM base_data
 GROUP BY guid
)
SELECT
 tv.date,
 tv.voucher_number,
 tv.voucher_type,
 tv.party_name,
 i.item_name,
 i.quantity,
 i.rate,
 i.item_value AS taxable_value,
 t.discount,
 t.cgst,
 t.sgst,
 t.igst,
 (t.cgst + t.sgst + t.igst) AS total_gst,
 (i.item_value + t.cgst + t.sgst + t.igst) AS invoice_total
FROM trn_voucher tv
JOIN inventory_data i ON tv.guid = i.guid
LEFT JOIN tax_data t ON tv.guid = t.guid
WHERE
 LOWER(tv.voucher_type) LIKE '%sales%'
 AND tv.date BETWEEN '2020-04-01' AND '2020-04-30'
ORDER BY
 tv.date,
 tv.voucher_number,
 i.item_name;"
G054,Purchase history of DANT KANTI DENTAL CREAM(ADVANCE)-100-GM,"WITH base_data AS (
 SELECT
 tv.guid,
 tv.date,
 tv.voucher_number,
 tv.voucher_type,
 tv.party_name,
 ml.name AS ledger_name,
 mg.name AS ledger_group,
 ta.amount
 FROM trn_voucher tv
 JOIN trn_accounting ta ON tv.guid = ta.guid
 JOIN mst_ledger ml ON ta._ledger = ml.guid
 JOIN mst_group mg ON ml._parent = mg.guid
 WHERE
 tv.is_order_voucher = 0
 AND LOWER(tv.voucher_type) LIKE '%purchase%'
 AND tv.date BETWEEN '2022-04-01' AND '2023-03-31'
),
inventory_data AS (
 SELECT
 ti.guid,
 si.name AS item_name,
 ABS(ti.quantity) AS quantity,
 ABS(ti.rate) AS rate,
 ABS(ti.amount) AS item_value
 FROM trn_inventory ti
 JOIN mst_stock_item si ON ti._item = si.guid
 WHERE ti.quantity > 0
),
tax_data AS (
 SELECT
 guid,
 SUM(CASE
 WHEN LOWER(REPLACE(ledger_name,' ','')) LIKE '%inputcgst%'
 OR LOWER(REPLACE(ledger_name,' ','')) LIKE '%cgst%'
 THEN ABS(amount)
 ELSE 0
 END) AS cgst,
 SUM(CASE
 WHEN LOWER(REPLACE(ledger_name,' ','')) LIKE '%inputsgst%'
 OR LOWER(REPLACE(ledger_name,' ','')) LIKE '%sgst%'
 THEN ABS(amount)
 ELSE 0
 END) AS sgst,
 SUM(CASE
 WHEN LOWER(REPLACE(ledger_name,' ','')) LIKE '%inputigst%'
 OR LOWER(REPLACE(ledger_name,' ','')) LIKE '%igst%'
 THEN ABS(amount)
 ELSE 0
 END) AS igst,
 SUM(CASE
 WHEN LOWER(ledger_name) LIKE '%discount%'
 OR LOWER(ledger_name) LIKE '%incentive%'
 OR LOWER(ledger_name) LIKE '%margin%'
 THEN ABS(amount)
 ELSE 0
 END) AS discount
 FROM base_data
 GROUP BY guid
)
SELECT
 tv.date,
 tv.voucher_number,
 tv.voucher_type,
 tv.party_name,
 i.item_name,
 i.quantity,
 i.rate,
 i.item_value AS taxable_value,
 t.discount,
 t.cgst,
 t.sgst,
 t.igst,
 (t.cgst + t.sgst + t.igst) AS total_gst,
 (i.item_value + t.cgst + t.sgst + t.igst) AS invoice_total
FROM trn_voucher tv
JOIN inventory_data i ON tv.guid = i.guid
LEFT JOIN tax_data t ON tv.guid = t.guid
WHERE
 LOWER(tv.voucher_type) LIKE '%purchase%'
 AND tv.date BETWEEN '2022-04-01' AND '2023-03-31'
ORDER BY
 tv.date,
 tv.voucher_number,
 i.item_name;"
G055,What are the total receivables and payables?,"SELECT tv.date, tv.voucher_type, tv.voucher_number, ti.quantity, ti.rate, ti.amount, ti.godown FROM trn_voucher AS tv JOIN trn_inventory AS ti ON tv.guid = ti.guid JOIN mst_stock_item AS msi ON ti._item = msi.guid WHERE msi.name = 'SAUNDARYA ALOEVERA GEL 60ML TO 12+1' AND ti.quantity > 0 AND tv.voucher_type IN ('Purchase', 'Debit Note');"
G056,What is the current fund position (cash & bank)?,"SELECT SUM(CASE WHEN ml.closing_balance < 0 THEN ABS(ml.closing_balance) ELSE 0 END) AS total_receivables, SUM(CASE WHEN mg.name = 'Current Liabilities' AND ml.closing_balance > 0 THEN ml.closing_balance ELSE 0 END) AS total_payables FROM mst_ledger AS ml LEFT JOIN mst_group AS mg ON ml._parent = mg.guid;"
G057,What are the non-operating incomes and their sources?,"SELECT SUM(ml.closing_balance) AS current_fund_position FROM mst_ledger AS ml WHERE ml.parent IN ('Cash-in-Hand', 'Bank Accounts', 'Bank OD A/c', 'Bank Current A/c', 'Bank Savings A/c');"
G058,What are the compressed air/diesel/steam usage summaries?,"SELECT ml.name AS income_ledger_name, tv.party_name AS party_source, SUM(ta.amount) AS total_amount_received FROM trn_accounting AS ta JOIN mst_ledger AS ml ON ta._ledger = ml.guid JOIN mst_group AS mg ON ml._parent = mg.guid LEFT JOIN trn_voucher AS tv ON ta.guid = tv.guid WHERE mg.primary_group = 'Indirect Incomes' AND ta.amount > 0 GROUP BY ml.name, tv.party_name ORDER BY income_ledger_name, total_amount_received DESC;"
G059,What is the opening and closing balance of bank and cash accounts?,"WITH LedgerUsage AS (
 SELECT
 'Financial Expense' AS usage_type,
 ml.name AS item_name,
 DATE_TRUNC('month', tv.date)::date AS usage_month,
 NULL::numeric(15,4) AS quantity,
 ABS(ta.amount) AS value_in_base_currency
 FROM
 trn_accounting ta
 JOIN
 mst_ledger ml ON ta._ledger = ml.guid
 JOIN
 trn_voucher tv ON ta.guid = tv.guid
 WHERE
 ml.name ILIKE '%Compressed Air%' OR
 ml.name ILIKE '%Diesel%' OR
 ml.name ILIKE '%Steam%'
),
InventoryUsage AS (
 SELECT
 'Inventory Consumption' AS usage_type,
 msi.name AS item_name,
 DATE_TRUNC('month', tv.date)::date AS usage_month,
 ABS(ti.quantity) AS quantity,
 ABS(ti.amount) AS value_in_base_currency
 FROM
 trn_inventory ti
 JOIN
 mst_stock_item msi ON ti._item = msi.guid
 JOIN
 trn_voucher tv ON ti.guid = tv.guid
 WHERE
 msi.name ILIKE '%Compressed Air%' OR
 msi.name ILIKE '%Diesel%' OR
 msi.name ILIKE '%Steam%'
)
SELECT
 usage_type,
 item_name,
 usage_month,
 SUM(quantity) AS total_quantity_used,
 SUM(value_in_base_currency) AS total_value_of_usage
FROM
 (
 SELECT * FROM LedgerUsage
 UNION ALL
 SELECT * FROM InventoryUsage
 ) AS AllUsage
GROUP BY
 usage_type,
 item_name,
 usage_month
ORDER BY
 usage_month,
 item_name,
 usage_type;"
G060,Are there any stock discrepancies or negative stock reports?,"SELECT
 ml.name AS ledger_name,
 CASE
 WHEN ml.closing_balance < 0
 THEN ABS(ml.closing_balance)
 ELSE 0
 END AS debit_balance,
 CASE
 WHEN ml.closing_balance > 0
 THEN ml.closing_balance
 ELSE 0
 END AS credit_balance
FROM mst_ledger ml
JOIN mst_group mg
 ON ml._parent = mg.guid
WHERE
 mg.name = 'Bank Accounts'
 OR ml.name = 'Cash'
ORDER BY
 ml.name;"
G061,What are the stock transfers between godowns?,"SELECT name, closing_balance FROM mst_stock_item WHERE closing_balance < 0;"
G062,What are the sales returns recorded in 2020/07 ?,"WITH InventoryMovements AS (SELECT ti.guid, ti._item, ti.quantity, ti.godown FROM trn_inventory AS ti WHERE ti.godown IS NOT NULL AND ti.godown != ''), TransferCandidates AS (SELECT im1.guid, im1._item, im1.godown AS source_godown, im2.godown AS destination_godown, ABS(im1.quantity) AS transfer_quantity FROM InventoryMovements im1 JOIN InventoryMovements im2 ON im1.guid = im2.guid AND im1._item = im2._item WHERE im1.godown != im2.godown AND im1.quantity < 0 AND im2.quantity > 0 AND ABS(im1.quantity) = im2.quantity) SELECT tv.date, tv.voucher_number, msi.name AS item_name, tc.transfer_quantity, tc.source_godown, tc.destination_godown FROM TransferCandidates AS tc JOIN trn_voucher AS tv ON tc.guid = tv.guid JOIN mst_stock_item AS msi ON tc._item = msi.guid ORDER BY tv.date, tv.voucher_number, item_name;"
G063,What is the trial balance for this financial year 2020?,"SELECT
 SUM(ti.quantity) AS total_quantity,
 SUM(ti.amount) AS total_value
FROM trn_inventory AS ti
JOIN trn_voucher AS tv
 ON ti.guid = tv.guid
JOIN mst_vouchertype vt
 ON tv._voucher_type = vt.guid
WHERE
 vt.name ILIKE '%Credit Note%'
 AND tv.date >= '2020-07-01'
 AND tv.date <= '2020-07-31';"
G064,What is the supplier-wise outstanding payment?,"SELECT ml.name AS ""Ledger Name"", CASE WHEN (ml.opening_balance + COALESCE(SUM(ta.amount), 0)) <= 0 THEN -(ml.opening_balance + COALESCE(SUM(ta.amount), 0)) ELSE 0 END AS ""Debit"", CASE WHEN (ml.opening_balance + COALESCE(SUM(ta.amount), 0)) > 0 THEN (ml.opening_balance + COALESCE(SUM(ta.amount), 0)) ELSE 0 END AS ""Credit"" FROM mst_ledger AS ml LEFT JOIN trn_accounting AS ta ON ml.guid = ta._ledger LEFT JOIN trn_voucher AS tv ON ta.guid = tv.guid WHERE tv.date IS NULL OR (tv.date >= '2020-04-01' AND tv.date <= '2021-03-31') GROUP BY ml.guid, ml.name, ml.opening_balance ORDER BY ml.name;"
G065,"What is the statutory deduction (PF, ESI, PT) payable?","SELECT ml.name AS supplier_name, ABS(ml.closing_balance) AS outstanding_payment_amount FROM mst_ledger AS ml JOIN mst_group AS mg ON ml._parent = mg.guid WHERE mg.primary_group = 'Sundry Creditors' AND ml.closing_balance < 0 ORDER BY supplier_name;"
G066,What is the current cash balance of the company,SELECT SUM(ml.closing_balance) AS total_statutory_deductions_payable FROM mst_ledger AS ml WHERE ml.name ILIKE '%PF%' OR ml.name ILIKE '%ESI%' OR ml.name ILIKE '%Professional Tax%';
G067,What is the bank balance as on 4/5/2021,SELECT closing_balance FROM mst_ledger WHERE name = 'Cash';
G068,What is the total purchase for may 2021,"SELECT
 ml.name AS ledger_name,
 CASE
 WHEN ml.closing_balance < 0
 THEN ABS(ml.closing_balance)
 ELSE 0
 END AS debit_balance,
 CASE
 WHEN ml.closing_balance > 0
 THEN ml.closing_balance
 ELSE 0
 END AS credit_balance
FROM mst_ledger ml
JOIN mst_group mg
 ON ml._parent = mg.guid
WHERE
 mg.name = 'Bank Accounts'
ORDER BY
 ml.name;"
G069,What is the total outstanding receivable,"WITH base_data AS (
 SELECT
 tv.guid,
 tv.date,
 tv.voucher_number,
 tv.voucher_type,
 ml.name AS ledger_name,
 mg.name AS ledger_group,
 ta.amount
 FROM trn_voucher tv
 JOIN trn_accounting ta ON tv.guid = ta.guid
 JOIN mst_ledger ml ON ta._ledger = ml.guid
 JOIN mst_group mg ON ml._parent = mg.guid
 WHERE
 tv.is_order_voucher = 0
 AND tv.is_inventory_voucher = 0
 AND LOWER(tv.voucher_type) LIKE '%purchase%'
),
inventory_data AS (
 SELECT
 guid,
 SUM(ABS(quantity)) AS total_quantity
 FROM trn_inventory
 WHERE quantity > 0 -- Inward for purchases
 GROUP BY guid
),
aggregated_data AS (
 SELECT
 DATE_TRUNC('month', b.date) AS month,
 TO_CHAR(b.date, 'Month YYYY') AS month_name,
 b.guid,
 /* Taxable Value - Purchase Accounts */
 SUM(CASE
 WHEN b.ledger_group IN ('Purchase Accounts')
 THEN ABS(b.amount) ELSE 0 END
 ) AS taxable_value,
 /* Discounts */
 SUM(CASE
 WHEN LOWER(b.ledger_name) LIKE '%discount%'
 OR LOWER(b.ledger_name) LIKE '%incentive%'
 OR LOWER(b.ledger_name) LIKE '%margin%'
 THEN ABS(b.amount) ELSE 0 END
 ) AS total_discount,
 /* GST Breakup - Input GST for purchases */
 SUM(CASE
 WHEN LOWER(REPLACE(b.ledger_name, ' ', '')) LIKE '%inputcgst%'
 OR LOWER(REPLACE(b.ledger_name, ' ', '')) LIKE '%cgst%'
 THEN ABS(b.amount)
 ELSE 0
 END) AS cgst,
 SUM(CASE
 WHEN LOWER(REPLACE(b.ledger_name, ' ', '')) LIKE '%inputsgst%'
 OR LOWER(REPLACE(b.ledger_name, ' ', '')) LIKE '%sgst%'
 THEN ABS(b.amount)
 ELSE 0
 END) AS sgst,
 SUM(CASE
 WHEN LOWER(REPLACE(b.ledger_name, ' ', '')) LIKE '%inputigst%'
 OR LOWER(REPLACE(b.ledger_name, ' ', '')) LIKE '%igst%'
 THEN ABS(b.amount)
 ELSE 0
 END) AS igst,
 /* Quantity */
 COALESCE(MAX(i.total_quantity), 0) AS total_quantity
 FROM base_data b
 LEFT JOIN inventory_data i ON b.guid = i.guid
 GROUP BY
 DATE_TRUNC('month', b.date),
 TO_CHAR(b.date, 'Month YYYY'),
 b.guid
)
SELECT
 month_name,
 COUNT(DISTINCT guid) AS total_invoices,
 SUM(total_quantity) AS total_quantity,
 SUM(taxable_value + total_discount) AS gross_purchase_value,
 SUM(total_discount) AS total_discount,
 SUM(taxable_value) AS taxable_value,
 SUM(cgst) AS cgst,
 SUM(sgst) AS sgst,
 SUM(igst) AS igst,
 SUM(cgst + sgst + igst) AS total_gst,
 SUM(taxable_value + cgst + sgst + igst) AS invoice_total
FROM aggregated_data
GROUP BY
 month,
 month_name
ORDER BY
 month;"
G070,What is the total outstanding payable,"SELECT
 ml.name AS ledger_name,
 CASE
 WHEN ml.closing_balance > 0 THEN ABS(ml.closing_balance)
 ELSE 0
 END AS credit_balance,
 CASE
 WHEN ml.closing_balance < 0 THEN ABS(ml.closing_balance)
 ELSE 0
 END AS debit_balance,
 ml.closing_balance AS actual_balance
FROM mst_ledger AS ml
JOIN mst_group AS mg
 ON ml._parent = mg.guid
WHERE
 mg.primary_group = 'Sundry Debtors'
ORDER BY ml.name;"
G071,Who are the top 5 debtors by amount,"SELECT
 ml.name AS ledger_name,
 CASE
 WHEN ml.closing_balance > 0 THEN ABS(ml.closing_balance)
 ELSE 0
 END AS credit_balance,
 CASE
 WHEN ml.closing_balance < 0 THEN ABS(ml.closing_balance)
 ELSE 0
 END AS debit_balance,
 ml.closing_balance AS actual_balance
FROM mst_ledger AS ml
JOIN mst_group AS mg
 ON ml._parent = mg.guid
WHERE
 mg.primary_group = 'Sundry Creditors'
ORDER BY ml.name;"
G072,Who are the top 5 creditors by amount,"SELECT
 ml.name AS ledger_name,
 CASE
 WHEN ml.closing_balance > 0 THEN ABS(ml.closing_balance)
 ELSE 0
 END AS credit_balance,
 CASE
 WHEN ml.closing_balance < 0 THEN ABS(ml.closing_balance)
 ELSE 0
 END AS debit_balance,
 ml.closing_balance AS actual_balance
FROM mst_ledger AS ml
JOIN mst_group AS mg
 ON ml._parent = mg.guid
WHERE
 mg.primary_group = 'Sundry Debtors'
 AND ml.closing_balance < 0
ORDER BY
 ABS(ml.closing_balance) DESC
LIMIT 5;"
G073,Cash Payment more than 5000,"SELECT name AS creditor_name, closing_balance AS amount_owed FROM mst_ledger WHERE parent = 'Sundry Creditors' AND closing_balance > 0 ORDER BY closing_balance DESC LIMIT 5;"
G074,Salary Expenses of may 2021,"SELECT
 tv.date,
 tv.voucher_number,
 tv.party_name,
 MAX(CASE WHEN mg.name = 'Cash-in-hand' THEN ABS(ta.amount) ELSE NULL END) AS cash_amount,
 MAX(CASE WHEN mg.name != 'Cash-in-hand' THEN ta.ledger ELSE NULL END) AS expense_ledger_name,
 MAX(CASE WHEN mg.name != 'Cash-in-hand' THEN ABS(ta.amount) ELSE NULL END) AS expense_amount
FROM trn_voucher AS tv
JOIN trn_accounting AS ta
 ON tv.guid = ta.guid
JOIN mst_ledger AS ml
 ON ta._ledger = ml.guid
JOIN mst_group AS mg
 ON ml._parent = mg.guid
WHERE
 tv.voucher_type = 'Payment'
 AND tv.guid IN (
 SELECT tv2.guid
 FROM trn_voucher tv2
 JOIN trn_accounting ta2 ON tv2.guid = ta2.guid
 JOIN mst_ledger ml2 ON ta2._ledger = ml2.guid
 JOIN mst_group mg2 ON ml2._parent = mg2.guid
 WHERE tv2.voucher_type = 'Payment'
 AND mg2.name = 'Cash-in-hand'
 AND ta2.amount > 5000
 )
GROUP BY
 tv.date,
 tv.voucher_number,
 tv.party_name
ORDER BY
 tv.date,
 tv.voucher_number;"
G075,List expenses above 50000 for april 2021,"SELECT
 TO_CHAR(tv.date, 'YYYY') AS year,
 TO_CHAR(tv.date, 'Month') AS month_name,
 tv.voucher_type,
 tv.voucher_number,
 SUM(ABS(ta.amount)) AS total_salary_expense
FROM trn_voucher AS tv
JOIN trn_accounting AS ta
 ON tv.guid = ta.guid
JOIN mst_ledger AS ml
 ON ta._ledger = ml.guid
WHERE
 tv.is_order_voucher = 0
 AND tv.is_inventory_voucher = 0
 AND ml.name = 'SALARY'
 AND tv.date >= '2020-04-01' -- February and March 2021
 AND tv.date <= '2020-04-30'
 AND ta.amount < 0
GROUP BY
 tv.guid,
 TO_CHAR(tv.date, 'Month'),
 TO_CHAR(tv.date, 'YYYY'),
 DATE_TRUNC('month', tv.date)
ORDER BY
 DATE_TRUNC('month', tv.date) DESC;"
G076,Give Trial Balances for 2021,"SELECT ml.name AS expense_ledger_name,
 tv.date AS transaction_date,
 ABS(ta.amount) AS expense_amount
FROM trn_accounting AS ta
JOIN trn_voucher AS tv ON ta.guid = tv.guid
JOIN mst_ledger AS ml ON ta._ledger = ml.guid
JOIN mst_group AS mg ON ml._parent = mg.guid
WHERE tv.date >= '2022-04-01'
 AND tv.date <= '2022-04-30'
 AND ( mg.name = 'Indirect Expenses' or mg.parent = 'Indirect Expenses')
 AND ta.amount < 0
 AND ABS(ta.amount) > 50000"
G077,Top five sales Bill,"SELECT ml.name AS ledger_name, CASE WHEN (ml.opening_balance + COALESCE(SUM(ta.amount), 0)) <= 0 THEN -(ml.opening_balance + COALESCE(SUM(ta.amount), 0)) ELSE 0 END AS debit, CASE WHEN (ml.opening_balance + COALESCE(SUM(ta.amount), 0)) > 0 THEN (ml.opening_balance + COALESCE(SUM(ta.amount), 0)) ELSE 0 END AS credit FROM mst_ledger AS ml LEFT JOIN trn_accounting AS ta ON ml.guid = ta._ledger LEFT JOIN trn_voucher AS tv ON ta.guid = tv.guid WHERE tv.date IS NULL OR (tv.date >= '2020-04-01' AND tv.date <= '2021-03-31') GROUP BY ml.guid, ml.name, ml.opening_balance ORDER BY ml.name;"
G078,Total Sales Bill created in june 2021,"WITH base_data AS (
 SELECT
 tv.guid,
 tv.date,
 tv.voucher_number,
 tv.voucher_type,
 ml.name AS ledger_name,
 mg.name AS ledger_group,
 ta.amount
 FROM trn_voucher tv
 JOIN trn_accounting ta ON tv.guid = ta.guid
 JOIN mst_ledger ml ON ta._ledger = ml.guid
 JOIN mst_group mg ON ml._parent = mg.guid
 WHERE
 tv.is_order_voucher = 0
 AND tv.is_inventory_voucher = 0
 AND LOWER(tv.voucher_type) LIKE '%sales%'
),
inventory_data AS (
 SELECT
 guid,
 SUM(ABS(quantity)) AS total_quantity
 FROM trn_inventory
 WHERE quantity < 0
 GROUP BY guid
),
aggregated_data AS (
 SELECT
 b.date,
 b.voucher_number,
 b.voucher_type,
 b.guid,
 /* Taxable Value */
 SUM(CASE
 WHEN b.ledger_group IN ('Sales Accounts')
 THEN b.amount ELSE 0 END
 ) AS taxable_value,
 /* Discounts */
 SUM(CASE
 WHEN LOWER(b.ledger_name) LIKE '%discount%'
 OR LOWER(b.ledger_name) LIKE '%incentive%'
 OR LOWER(b.ledger_name) LIKE '%margin%'
 THEN ABS(b.amount) ELSE 0 END
 ) AS total_discount,
 /* GST Breakup */
 SUM(CASE
 WHEN LOWER(REPLACE(b.ledger_name, ' ', '')) LIKE '%outputcgst%'
 OR LOWER(REPLACE(b.ledger_name, ' ', '')) LIKE '%cgst%'
 THEN b.amount
 ELSE 0
 END) AS cgst,
 SUM(CASE
 WHEN LOWER(REPLACE(b.ledger_name, ' ', '')) LIKE '%outputsgst%'
 OR LOWER(REPLACE(b.ledger_name, ' ', '')) LIKE '%sgst%'
 THEN b.amount
 ELSE 0
 END) AS sgst,
 SUM(CASE
 WHEN LOWER(REPLACE(b.ledger_name, ' ', '')) LIKE '%outputigst%'
 OR LOWER(REPLACE(b.ledger_name, ' ', '')) LIKE '%igst%'
 THEN b.amount
 ELSE 0
 END) AS igst,
 /* Quantity */
 COALESCE(MAX(i.total_quantity), 0) AS total_quantity
 FROM base_data b
 LEFT JOIN inventory_data i ON b.guid = i.guid
 GROUP BY
 b.date,
 b.voucher_number,
 b.voucher_type,
 b.guid
)
SELECT
 date,
 voucher_number,
 voucher_type,
 total_quantity,
 (taxable_value + total_discount) AS gross_sales_value,
 total_discount,
 taxable_value,
 cgst,
 sgst,
 igst,
 (cgst + sgst + igst) AS total_gst,
 (taxable_value + cgst + sgst + igst) AS invoice_total
FROM aggregated_data
ORDER BY
 invoice_total DESC
LIMIT 5;"
G079,Top five Purchase Bill,"SELECT
 tv.voucher_type,
 COUNT(DISTINCT tv.guid) AS total_bills
FROM trn_voucher tv
JOIN mst_vouchertype mv
 ON tv.voucher_type = mv.name
WHERE
 tv.is_order_voucher = 0
 AND tv.is_inventory_voucher = 0
 AND mv.parent = 'Sales' -- ✅ Correct filter
 AND tv.date >= '2020-05-01'
 AND tv.date <= '2020-05-31'
GROUP BY
 tv.voucher_type
ORDER BY
 tv.voucher_type;"
G080,Total Purchase Bill created in may 2021,"WITH base_data AS (
 SELECT
 tv.guid,
 tv.date,
 tv.voucher_number,
 tv.voucher_type,
 ml.name AS ledger_name,
 mg.name AS ledger_group,
 ta.amount
 FROM trn_voucher tv
 JOIN trn_accounting ta ON tv.guid = ta.guid
 JOIN mst_ledger ml ON ta._ledger = ml.guid
 JOIN mst_group mg ON ml._parent = mg.guid
 WHERE
 tv.is_order_voucher = 0
 AND tv.is_inventory_voucher = 0
 AND LOWER(tv.voucher_type) LIKE '%purchase%'
),
inventory_data AS (
 SELECT
 guid,
 SUM(ABS(quantity)) AS total_quantity
 FROM trn_inventory
 WHERE quantity < 0
 GROUP BY guid
),
aggregated_data AS (
 SELECT
 b.date,
 b.voucher_number,
 b.voucher_type,
 b.guid,
 /* Taxable Value */
 SUM(CASE
 WHEN b.ledger_group IN ('Purchase Accounts')
 THEN b.amount ELSE 0 END
 ) AS taxable_value,
 /* Discounts */
 SUM(CASE
 WHEN LOWER(b.ledger_name) LIKE '%discount%'
 OR LOWER(b.ledger_name) LIKE '%incentive%'
 OR LOWER(b.ledger_name) LIKE '%margin%'
 THEN ABS(b.amount) ELSE 0 END
 ) AS total_discount,
 /* GST Breakup */
 SUM(CASE
 WHEN LOWER(REPLACE(b.ledger_name, ' ', '')) LIKE '%outputcgst%'
 OR LOWER(REPLACE(b.ledger_name, ' ', '')) LIKE '%cgst%'
 THEN b.amount
 ELSE 0
 END) AS cgst,
 SUM(CASE
 WHEN LOWER(REPLACE(b.ledger_name, ' ', '')) LIKE '%outputsgst%'
 OR LOWER(REPLACE(b.ledger_name, ' ', '')) LIKE '%sgst%'
 THEN b.amount
 ELSE 0
 END) AS sgst,
 SUM(CASE
 WHEN LOWER(REPLACE(b.ledger_name, ' ', '')) LIKE '%outputigst%'
 OR LOWER(REPLACE(b.ledger_name, ' ', '')) LIKE '%igst%'
 THEN b.amount
 ELSE 0
 END) AS igst,
 /* Quantity */
 COALESCE(MAX(i.total_quantity), 0) AS total_quantity
 FROM base_data b
 LEFT JOIN inventory_data i ON b.guid = i.guid
 GROUP BY
 b.date,
 b.voucher_number,
 b.voucher_type,
 b.guid
)
SELECT
 date,
 voucher_number,
 voucher_type,
 total_quantity,
 (taxable_value + total_discount) AS gross_purchase_value,
 total_discount,
 taxable_value,
 cgst,
 sgst,
 igst,
 (cgst + sgst + igst) AS total_gst,
 (taxable_value + cgst + sgst + igst) AS invoice_total
FROM aggregated_data
ORDER BY
 invoice_total ASC
LIMIT 5;"
G081,Total Bank Outflow monthwise summary,"SELECT
 tv.voucher_type,
 COUNT(DISTINCT tv.guid) AS total_bills
FROM trn_voucher tv
WHERE
 tv.is_order_voucher = 0
 AND tv.is_inventory_voucher = 0
 AND LOWER(tv.voucher_type) LIKE '%purchase%'
 AND tv.date >= '2020-05-01'
 AND tv.date < '2020-05-31'
GROUP BY
 tv.voucher_type
ORDER BY
 tv.voucher_type;"
G082,Total Bank Inflow monthwise summary,"SELECT
 tv.voucher_type,
 COUNT(DISTINCT tv.guid) AS total_bills
FROM trn_voucher tv
WHERE
 tv.is_order_voucher = 0
 AND tv.is_inventory_voucher = 0
 AND LOWER(tv.voucher_type) LIKE '%purchase%'
 AND tv.date >= '2020-05-01'
 AND tv.date < '2020-06-01'
GROUP BY
 tv.voucher_type
ORDER BY
 tv.voucher_type;"
G083,Show me all Cash ledger transactions from April 2020 to March 2021.,"SELECT TO_CHAR(tb.instrument_date, 'YYYY-MM') AS transaction_month, SUM(tb.amount) AS total_bank_inflow FROM trn_bank AS tb WHERE tb.amount > 0 GROUP BY transaction_month ORDER BY transaction_month;"
G084,"Show me the complete ledger report for all accounts, including opening balances.","/* Account Statement */
declare
 @ledger nvarchar(1024) = 'Cash',
 @fromDate date = '2020-04-01',
 @toDate date = '2021-03-31';
with tblLedger as
(
 select v.guid, v.date, v.voucher_number, v.voucher_type, v.narration,
 (case when a.amount < 0 then -a.amount else 0 end) 'debit',
 (case when a.amount > 0 then a.amount else 0 end) 'credit'
 from trn_accounting a
 join trn_voucher v on v.guid = a.guid
 where a.ledger = @ledger and v.is_accounting_voucher = 1 and (v.date between @fromDate and @toDate)
),
tblEntry as
(
 select v.guid, string_agg(a.ledger, ',') ledgers
 from trn_voucher v
 join trn_accounting a on (a.guid = v.guid and a.ledger <> @ledger)
 where v.guid in (select distinct guid from tblLedger) and v.is_order_voucher = 0 and v.is_inventory_voucher = 0
 group by v.guid
)
select l.date, l.voucher_number, l.voucher_type, c.ledgers ledgers, l.debit, l.credit, l.narration
from tblLedger l
join tblEntry c on c.guid = l.guid
order by l.date
;"
G085,Show outstanding bills with due date and overdue days.,"SELECT
 DATEFROMPARTS(2000,1,1) as date,
 /* MAKEDATE(2000,1,1) as date, --MySQL */
 /* DATE '2000-01-01' as date, --PostgreSQL */
 'Opening Balance' as voucher_type,
 '' as voucher_number,
 l.name as ledger,
 l.opening_balance as amount,
 '' as party_name,
 g.primary_group as primary_group,
 'Opening Balance' as voucher_category
FROM mst_ledger as l
INNER JOIN mst_group AS g ON l.parent = g.name
WHERE l.opening_balance <> 0
UNION ALL
SELECT
 v.date,
 v.voucher_type,
 v.voucher_number,
 a.ledger,
 a.amount,
 v.party_name,
 g.primary_group,
 t.parent AS voucher_category
FROM trn_accounting AS a
INNER JOIN trn_voucher AS v ON a.guid = v.guid
INNER JOIN mst_vouchertype AS t ON v.voucher_type = t.name
INNER JOIN mst_ledger AS l ON a.ledger = l.name
INNER JOIN mst_group AS g ON l.parent = g.name
WHERE
 v.is_order_voucher = 0
 AND v.is_inventory_voucher = 0"
G086,Show negative accounts receivable per party.,"with bill_combined as
(
 select bill_date as date, ledger, name, opening_balance as amount, 'New Ref' as billtype, bill_credit_period
 from mst_opening_bill_allocation
 union all
 select v.date, b.ledger, b.name, b.amount, b.billtype, bill_credit_period
 from trn_bill as b
 join trn_voucher as v on v.guid = b.guid
),
tbl_newref as
(
 select *
 from bill_combined
 where bill_combined.billtype in ('New Ref', 'Advance')
),
tbl_agstref as
(
 select *
 from bill_combined
 where bill_combined.billtype in ('Agst Ref')
),
tbl_outstanding as
(
 select
 nr.ledger,
 nr.name,
 coalesce(max(nr.amount), 0) as billed_amount,
 coalesce(sum(ar.amount), 0) as adjusted_amount,
 (coalesce(max(nr.amount), 0) + coalesce(sum(ar.amount), 0)) as outstanding_amount,
 /* (CURRENT_DATE - MAX(nr.date))::INTEGER - MAX(nr.bill_credit_period) AS overdue_days, --PostgreSQL */
 /* (DATEDIFF(CURDATE(), MAX(nr.date)) - MAX(nr.bill_credit_period)) AS overdue_days, --MySQL */
 (datediff(day, max(nr.date), getdate()) - max(nr.bill_credit_period)) as overdue_days,
 /* MAX(nr.date) + (MAX(nr.bill_credit_period) || ' days')::INTERVAL AS overdue_date, --PostgreSQL */
 /* DATE_ADD(MAX(nr.date), INTERVAL MAX(nr.bill_credit_period) DAY) AS overdue_date, --MySQL */
 dateadd(day, max(nr.bill_credit_period), max(nr.date)) as overdue_date,
 /* (CURRENT_DATE - MAX(nr.date))::INTEGER AS oustanding_days, --PostgreSQL */
 /* DATEDIFF(CURDATE(), MAX(nr.date)) AS oustanding_days, --MySQL */
 datediff(day, max(nr.date), getdate()) as oustanding_days,
 max(nr.date) bill_date,
 max(nr.bill_credit_period) as bill_credit_period
 from tbl_newref as nr
 left join tbl_agstref as ar on (nr.ledger = ar.ledger and nr.name = ar.name)
 group by nr.ledger, nr.name
)
select
 bill_date as date,
 name as ref_number,
 ledger as party_name,
 outstanding_amount as pending_amount,
 overdue_date as due_on,
 overdue_days as overdue_by_days
from tbl_outstanding
where outstanding_amount > 0
order by overdue_days desc"
G087,Show daily cash receipts and payments.,"with bill_combined as
(
 select bill_date as date, ledger, name, opening_balance as amount, 'New Ref' as billtype, bill_credit_period
 from mst_opening_bill_allocation
 union all
 select v.date, b.ledger, b.name, b.amount, b.billtype, bill_credit_period
 from trn_bill as b
 join trn_voucher as v on v.guid = b.guid
),
tbl_newref as
(
 select *
 from bill_combined
 where bill_combined.billtype in ('New Ref', 'Advance')
),
tbl_agstref as
(
 select *
 from bill_combined
 where bill_combined.billtype in ('Agst Ref')
),
tbl_outstanding as
(
 select
 nr.ledger,
 nr.name,
 coalesce(max(nr.amount), 0) as billed_amount,
 coalesce(sum(ar.amount), 0) as adjusted_amount,
 (coalesce(max(nr.amount), 0) + coalesce(sum(ar.amount), 0)) as outstanding_amount,
 /* (CURRENT_DATE - MAX(nr.date))::INTEGER - MAX(nr.bill_credit_period) AS overdue_days, --PostgreSQL */
 /* (DATEDIFF(CURDATE(), MAX(nr.date)) - MAX(nr.bill_credit_period)) AS overdue_days, --MySQL */
 (datediff(day, max(nr.date), getdate()) - max(nr.bill_credit_period)) as overdue_days,
 /* MAX(nr.date) + (MAX(nr.bill_credit_period) || ' days')::INTERVAL AS overdue_date, --PostgreSQL */
 /* DATE_ADD(MAX(nr.date), INTERVAL MAX(nr.bill_credit_period) DAY) AS overdue_date, --MySQL */
 dateadd(day, max(nr.bill_credit_period), max(nr.date)) as overdue_date,
 /* (CURRENT_DATE - MAX(nr.date))::INTEGER AS oustanding_days, --PostgreSQL */
 /* DATEDIFF(CURDATE(), MAX(nr.date)) AS oustanding_days, --MySQL */
 datediff(day, max(nr.date), getdate()) as oustanding_days,
 max(nr.date) bill_date,
 max(nr.bill_credit_period) as bill_credit_period
 from tbl_newref as nr
 left join tbl_agstref as ar on (nr.ledger = ar.ledger and nr.name = ar.name)
 group by nr.ledger, nr.name
)
select
 bill_date as date,
 name as ref_number,
 ledger as party_name,
 -outstanding_amount as pending_amount,
 overdue_date as due_on,
 overdue_days as overdue_by_days
from tbl_outstanding
where outstanding_amount < 0
order by overdue_days desc"
G088,Show parent groups of Loans & Advances (Asset).,"/*
 Daily Receipt and Payment (incl Contra)
*/
declare
 @fromDate date = '2020-04-01',
 @toDate date = '2021-03-31';
with tblDateList as
(
 select @fromDate value
 union all
 select dateadd(day, 1, value) from tblDateList where value < @toDate
),
tblCashMovement as
(
 select v.date,
 sum(case when a.amount < 0 then -a.amount else 0 end) receipt,
 sum(case when a.amount > 0 then a.amount else 0 end) payment
 from trn_accounting a
 join trn_voucher v on v.guid = a.guid
 join mst_ledger l on l.name = a.ledger
 join mst_group g on g.name = l.parent
 join mst_vouchertype t on t.name = v.voucher_type
 where g.primary_group = 'cash-in-hand' and t.parent in ('receipt', 'payment', 'contra')
 group by v.date
)
select d.value date, isnull(c.receipt, 0) receipt, isnull(c.payment, 0) payment
from tblDateList d
left join tblCashMovement c on d.value = c.date
option (maxrecursion 500)
;"
G089,Show all child groups under Loans & Advances (Asset).,"/* groups: CHILD --> PARENT traversal */
declare
 @group nvarchar(1024) = 'Loans & Advances (Asset)';
with cte as
(
 select name, parent from mst_group where name = @group
 union all
 select e.name, e.parent from mst_group e inner join cte on cte.parent = e.name
)
select * from cte;"
G090,Show income and expense ledger balances with stock adjustments.,"/* groups: PARENT --> CHILD traversal */
declare
 @group nvarchar(1024) = 'Loans & Advances (Asset)';
with cte as
(
 select name, parent from mst_group where name = @group
 union all
 select e.name, e.parent from mst_group e inner join cte on cte.name = e.parent
)
select * from cte;"
G091,Show daily purchase amounts.,"/*
 Calculates balances of all Income Expenditure type ledgers
	Scenario: when closing stock is entered manually
 Fields:
 group = Primary Group for the ledger (not to be confused with parent)
 ledger = Ledger name
 nature = [expense / income]
 affects_gross_profit = [Y/N] indicates if the ledger affects calculation of gross profit or not
*/
with tblOpeningStock as
(
	select
 'Opening Stock' as 'group',
 'Opening Stock' as 'ledger',
 'expense' as 'nature',
 'Y' as 'affects_gross_profit',
 sum(opening_balance) as 'balance'
	from mst_ledger l
	join mst_group g on g.name = l.parent
	where g.primary_group = 'Stock-in-hand'
),
tblClosingStock as
(
	select
 'Closing Stock' as 'group',
 'Closing Stock' as 'ledger',
 'income' as 'nature',
 'Y' as 'affects_gross_profit',
 -sum(t.stock_value) as 'balance'
	from
	(
 select ledger, stock_value, row_number() over(partition by ledger order by stock_date desc) ctr
 from trn_closingstock_ledger
	) as t
	where t.ctr = 1
),
tblGroupBalance as
(
	select
 g.primary_group as 'group',
 l.name as 'ledger',
 (case when max(g.is_deemedpositive) = 1 then 'expense' else 'income' end) as 'nature',
 (case when max(g.affects_gross_profit) = 1 then 'Y' else 'N' end) as 'affects_gross_profit',
 sum(a.amount) 'balance'
	from trn_accounting a
	join trn_voucher v on v.guid = a.guid
	join mst_vouchertype t on v.voucher_type = t.name
	join mst_ledger l on a.ledger = l.name
	join mst_group g on g.name = l.parent
	where g.is_revenue = 1 and v.is_order_voucher = 0 and v.is_inventory_voucher = 0 and t.affects_stock = 0
	group by g.primary_group, l.name
)
select * from tblGroupBalance
union all
select * from tblOpeningStock
union all
select * from tblClosingStock"
G092,Show monthly purchase amounts.,"declare
 @fromDate date = '2020-04-01',
 @toDate date = '2021-03-31';
with tblDateList as
(
 select @fromDate value
 union all
 select dateadd(day, 1, value) from tblDateList where value < @toDate
),
tblDailySales as
(
 select v.date,
 sum(a.amount) amount
 from trn_accounting a
 join trn_voucher v on v.guid = a.guid
 join mst_ledger l on l.name = a.ledger
 join mst_group g on g.name = l.parent
 where g.primary_group = 'Purchase Accounts' and v.is_order_voucher = 0 and v.is_inventory_voucher = 0 and v.date >= @fromDate and v.date <= @toDate
 group by v.date
)
select d.value date, isnull(-c.amount, 0) amount
from tblDateList d
left join tblDailySales c on d.value = c.date
option (maxrecursion 500)
;"
G093,"Show all purchases with party, ledger, and amount.","declare
 @fromDate date = '2020-04-01',
 @toDate date = '2021-03-31';
with tblDateList as
(
 select @fromDate value
 union all
 select dateadd(day, 1, value) from tblDateList where value < @toDate
),
tblYearMonthList as
(
 select year(l.value) year, month(l.value) month
 from tblDateList l
 group by year(l.value), month(l.value)
),
tblDailySales as
(
 select year(v.date) year, month(v.date) month,
 sum(a.amount) amount
 from trn_accounting a
 join trn_voucher v on v.guid = a.guid
 join mst_ledger l on l.name = a.ledger
 join mst_group g on g.name = l.parent
 where g.primary_group = 'Purchase Accounts' and v.is_order_voucher = 0 and v.is_inventory_voucher = 0 and v.date >= @fromDate and v.date <= @toDate
 group by year(v.date), month(v.date)
)
select l.year year, l.month month, isnull(-s.amount, 0) amount
from tblYearMonthList l
left join tblDailySales s on (l.year = s.year and l.month = s.month)
order by l.year, l.month
option (maxrecursion 500)
;"
G094,Show daily sales including days with no transactions.,"/* Purchase Register (input for PIVOT table) */
SELECT
 v.date,
 v.voucher_type,
 v.voucher_number,
 a.ledger,
 -a.amount as amount,
 v.party_name,
 p.gstn,
 g.primary_group,
 t.parent AS voucher_category
FROM trn_accounting AS a
INNER JOIN trn_voucher AS v ON a.guid = v.guid
INNER JOIN mst_vouchertype AS t ON v.voucher_type = t.name
INNER JOIN mst_ledger AS l ON a.ledger = l.name
INNER JOIN mst_group AS g ON l.parent = g.name
INNER JOIN mst_ledger AS p ON v.party_name = p.name
WHERE
 v.is_order_voucher = 0
 AND v.is_inventory_voucher = 0
 AND t.parent IN ('Purchase', 'Debit Note')
 AND a.ledger <> v.party_name"
G095,Show total sales per month including months with no sales.,"declare
 @fromDate date = '2020-04-01',
 @toDate date = '2021-03-31';
with tblDateList as
(
 select @fromDate value
 union all
 select dateadd(day, 1, value) from tblDateList where value < @toDate
),
tblDailySales as
(
 select v.date,
 sum(a.amount) amount
 from trn_accounting a
 join trn_voucher v on v.guid = a.guid
 join mst_ledger l on l.name = a.ledger
 join mst_group g on g.name = l.parent
 where g.primary_group = 'Sales Accounts' and v.date >= @fromDate and v.date <= @toDate
 group by v.date
)
select d.value date, isnull(c.amount, 0) amount
from tblDateList d
left join tblDailySales c on d.value = c.date
option (maxrecursion 500)
;"
G096,Show sales register with party and ledger details.,"declare
 @fromDate date = '2020-04-01',
 @toDate date = '2021-03-31';
with tblDateList as
(
 select @fromDate value
 union all
 select dateadd(day, 1, value) from tblDateList where value < @toDate
),
tblYearMonthList as
(
 select year(l.value) year, month(l.value) month
 from tblDateList l
 group by year(l.value), month(l.value)
),
tblDailySales as
(
 select year(v.date) year, month(v.date) month,
 sum(a.amount) amount
 from trn_accounting a
 join trn_voucher v on v.guid = a.guid
 join mst_ledger l on l.name = a.ledger
 join mst_group g on g.name = l.parent
 where g.primary_group = 'Sales Accounts' and v.date >= @fromDate and v.date <= @toDate
 group by year(v.date), month(v.date)
)
select l.year year, l.month month, isnull(s.amount, 0) amount
from tblYearMonthList l
left join tblDailySales s on (l.year = s.year and l.month = s.month)
order by l.year, l.month
option (maxrecursion 500)
;"
G097,Show stock balances and movements for items.,"/* Sales Register (input for PIVOT table) */
SELECT
 v.date,
 v.voucher_type,
 v.voucher_number,
 a.ledger,
 a.amount,
 v.party_name,
 p.gstn,
 g.primary_group,
 t.parent AS voucher_category
FROM trn_accounting AS a
INNER JOIN trn_voucher AS v ON a.guid = v.guid
INNER JOIN mst_vouchertype AS t ON v.voucher_type = t.name
INNER JOIN mst_ledger AS l ON a.ledger = l.name
INNER JOIN mst_group AS g ON l.parent = g.name
INNER JOIN mst_ledger AS p ON v.party_name = p.name
WHERE
 v.is_order_voucher = 0
 AND v.is_inventory_voucher = 0
 AND t.parent IN ('Sales', 'Credit Note')
 AND a.ledger <> v.party_name"
G098,Show item-wise batch opening balance and transactions.,"with tblTrackingReco as
(
	select i.item, i.tracking_number,
 sum(case when t.parent in ('Receipt Note', 'Delivery Note') then abs(i.quantity) else 0 end) note,
 sum(case when t.parent not in ('Receipt Note', 'Delivery Note') then abs(i.quantity) else 0 end) invoice
	from trn_inventory i
	join trn_voucher v on v.guid = i.guid
	join mst_vouchertype t on v.voucher_type = t.name
	where i.tracking_number is not null
	group by i.item, i.tracking_number
),
tblEffects as
(
select
	i.item,
	sum(case when i.quantity > 0 then i.quantity else 0 end) in_qty,
	sum(case when i.quantity < 0 then -i.quantity else 0 end) out_qty
from trn_inventory i
join trn_voucher v on v.guid = i.guid
join mst_vouchertype t on v.voucher_type = t.name
left join tblTrackingReco r on (i.item = r.item and i.tracking_number = r.tracking_number)
where
	v.is_order_voucher = 0 and (i.tracking_number is null or (t.parent not in ('Receipt Note', 'Delivery Note') and (r.note = r.invoice)) or (t.parent in ('Receipt Note', 'Delivery Note') and (r.note > r.invoice)))
group by i.item
)
select
	s.name, s.parent, s.uom,
	s.opening_balance op_qty,
	coalesce(e.in_qty, 0) in_qty,
	coalesce(e.out_qty, 0) out_qty,
	(s.opening_balance + coalesce(e.in_qty, 0) - coalesce(e.out_qty, 0)) clo_bal
from mst_stock_item s
left join tblEffects e on s.name = e.item"
G099,Show trial balance for all ledgers.,"SELECT
 DATEFROMPARTS(2000,1,1) AS date,
 '' as voucher_number,
 'Opening Balance' as voucher_type,
 b.item,
 b.opening_balance as quantity,
 b.opening_value as amount,
 b.godown as godown
FROM mst_opening_batch_allocation as b
UNION ALL
SELECT t.date, t.voucher_number, t.voucher_type, t.item, t.quantity, t.amount, t.godown
FROM
(
	SELECT
 v.date, v.voucher_number, v.voucher_type, i.item, i.quantity, i.amount, i.godown,
 (CASE WHEN i.tracking_number = '' THEN 1 ELSE ROW_NUMBER() OVER(PARTITION BY i.tracking_number, i.item ORDER BY v.date) END) AS repetition
	FROM trn_inventory as i
	JOIN trn_voucher as v on (v.guid = i.guid)
	WHERE v.is_order_voucher = 0
) AS t
WHERE t.repetition = 1"
G100,Show me the Trial Balance for March.,"declare
 @fromDate date = '2020-04-01',
 @toDate date = '2021-03-31';
with tblop as
(
 select a.ledger 'ledger', sum(a.amount) 'amount'
 from trn_accounting a
 join trn_voucher v on v.guid = a.guid
 where v.is_order_voucher = 0 and v.is_inventory_voucher = 0 and v.date < @fromDate
 group by a.ledger
),
tblcurr as
(
 select a.ledger 'ledger',
 sum(case when a.amount < 0 then abs(a.amount) else 0 end) 'debit',
 sum(case when a.amount > 0 then a.amount else 0 end) 'credit'
 from trn_accounting a
 join trn_voucher v on v.guid = a.guid
 where v.is_order_voucher = 0 and v.is_inventory_voucher = 0 and v.date between @fromDate and @toDate
 group by a.ledger
)
select l.name,
(case when l.is_revenue = 0 then (l.opening_balance + isnull(op.amount,0)) else 0 end) 'opening',
isnull(curr.debit,0) 'debit',
isnull(curr.credit,0) 'credit',
(case when l.is_revenue = 0 then (l.opening_balance + isnull(op.amount,0)) + isnull(curr.credit,0) - isnull(curr.debit,0) else isnull(curr.credit,0) - isnull(curr.debit,0) end) 'closing'
from mst_ledger l
left join tblop op on op.ledger = l.name
left join tblcurr curr on curr.ledger = l.name
order by l.name
;"
G101,Which items have been sitting in stock for more than 180 days?,"SELECT
 ml.name AS ledger_name,
 CASE WHEN (ml.opening_balance + COALESCE(SUM(ta.amount), 0)) <= 0
 THEN -(ml.opening_balance + COALESCE(SUM(ta.amount), 0))
 ELSE 0 END AS debit, CASE
 WHEN (ml.opening_balance + COALESCE(SUM(ta.amount), 0)) > 0
 THEN (ml.opening_balance + COALESCE(SUM(ta.amount), 0))
 ELSE 0 END AS credit
 FROM mst_ledger AS ml
 LEFT JOIN trn_accounting AS ta ON ml.guid = ta._ledger
 LEFT JOIN trn_voucher AS tv ON ta.guid = tv.guid
 WHERE (tv.date IS NULL OR (tv.date >= '2020-04-01' AND tv.date <= '2021-03-31'))
 GROUP BY ml.guid, ml.name, ml.opening_balance
 ORDER BY ml.name;"
G102,List of Customers No Transaction in Last 180 days,"WITH stock_movement AS (
 SELECT
 ti._item AS item_guid,
 SUM(ti.quantity) AS closing_quantity,
 SUM(ti.amount) AS closing_value
 FROM trn_inventory ti
 JOIN trn_voucher tv ON ti.guid = tv.guid
 WHERE tv.date >= '2022-04-01'
 GROUP BY ti._item
),
outward_check AS (
 SELECT
 ti._item AS item_guid,
 SUM(ABS(ti.quantity)) AS outward_qty
 FROM trn_inventory ti
 JOIN trn_voucher tv ON ti.guid = tv.guid
 WHERE
 ti.quantity < 0
 AND tv.date BETWEEN '2022-04-01' AND '2022-09-28'
 GROUP BY ti._item
)
SELECT
 si.name AS item_name,
 ABS(sm.closing_quantity) AS closing_quantity,
 ABS(sm.closing_value) AS closing_value
FROM stock_movement sm
LEFT JOIN outward_check oc
ON sm.item_guid = oc.item_guid
JOIN mst_stock_item si
ON sm.item_guid = si.guid
WHERE COALESCE(oc.outward_qty,0) = 0;"
G103,What is the current account balance with each customer/supplier?,"SELECT
 SUM(ti.quantity) AS total_quantity,
 SUM(ti.amount) AS total_value
FROM trn_inventory ti
JOIN trn_voucher tv
 ON ti.guid = tv.guid
JOIN mst_vouchertype vt
 ON tv._voucher_type = vt.guid
WHERE ti.quantity > 0
AND vt.parent IN (
 'Credit Note - BPOS',
 'Credit Note-Goods Rtn',
 'Credit Note'
)
AND tv.date BETWEEN '2020-04-01' AND '2021-03-31';"
G104,How much outstanding is pending from each customer?,"WITH debtor_ledgers AS (
 SELECT
 ml.guid,
 ml.name AS ledger_name,
 ml.opening_balance
 FROM mst_ledger ml
 JOIN mst_group mg
 ON ml._parent = mg.guid
 WHERE mg.parent = 'Sundry Debtors'
),
period_transactions AS (
 SELECT DISTINCT
 ta._ledger
 FROM trn_accounting ta
 JOIN trn_voucher tv
 ON ta.guid = tv.guid
 WHERE tv.date BETWEEN '2023-01-01' AND '2023-03-31'
)
SELECT
 dl.ledger_name,
 dl.opening_balance AS opening_bal,
 0 AS total_debit,
 0 AS total_credit,
 dl.opening_balance AS closing_bal
FROM debtor_ledgers dl
LEFT JOIN period_transactions pt
 ON dl.guid = pt._ledger
WHERE pt._ledger IS NULL
ORDER BY dl.ledger_name;"
G105,Which suppliers gave the lowest rates historically?,"SELECT ml.name AS customer_supplier_name,
 SUM(ml.closing_balance) AS current_balance
 FROM mst_ledger ml
 JOIN mst_group mg ON ml._parent = mg.guid
 WHERE mg.name IN ( 'Sundry Debtors', 'Sundry Creditors', 'DISTRIBUTORS' )
 GROUP BY ml.name
 ORDER BY ml.name;"
G106,What is the current financial position (Balance Sheet snapshot)?,"SELECT
 SUM(ti.quantity) AS total_quantity,
 SUM(ti.amount) AS total_value
FROM trn_inventory AS ti
JOIN trn_voucher AS tv
 ON ti.guid = tv.guid
JOIN mst_vouchertype vt
 ON tv._voucher_type = vt.guid
WHERE
 vt.name ILIKE '%Credit Note%'
 AND tv.date >= '2020-07-01'
 AND tv.date <= '2020-07-31';"
G107,What's our total GST liability accumulated so far this year?,"SELECT
 ml.name AS customer_name,
 ABS(SUM(ta.amount)) AS outstanding_amount
FROM trn_accounting ta
JOIN mst_ledger ml
 ON ta._ledger = ml.guid
JOIN mst_group mg
 ON ml._parent = mg.guid
JOIN trn_voucher tv
 ON ta.guid = tv.guid
WHERE
 mg.name = 'Sundry Debtors'
 AND tv.date <= '2021-03-31' -- include ALL till end date
GROUP BY ml.name
HAVING SUM(ta.amount) < 0;"
G108,Monthly inventory turnover report,"SELECT
 tv.party_name AS supplier_name,
 MIN(ti.rate) AS lowest_historical_rate
FROM trn_voucher tv
JOIN trn_inventory ti
 ON tv.guid = ti.guid
JOIN mst_vouchertype vt
 ON tv._voucher_type = vt.guid
WHERE
 tv.date >= '2020-04-01'
 AND tv.date <= '2021-03-31'
 AND vt.name ILIKE '%Purchase%' -- 🔥 restrict to purchase vouchers
 AND ti.quantity > 0 -- inward only
 AND ti.rate > 0
GROUP BY
 tv.party_name
ORDER BY
 lowest_historical_rate ASC;"
G109,What is the total sales for may 2021,"SELECT
 CASE
 WHEN mg.parent IS NULL OR mg.parent = ''
 THEN mg.primary_group
 ELSE mg.parent
 END AS parent,
 mg.primary_group,
 ml.name AS ledger_name,
 SUM(ml.closing_balance) AS total_closing_balance
FROM mst_ledger AS ml
JOIN mst_group AS mg
ON ml._parent = mg.guid
WHERE mg.is_revenue = 0
GROUP BY
 mg.primary_group,
 mg.parent,
 ml.name
ORDER BY mg.primary_group;"
G110,What is the closing stock value,"SELECT
 ml.name AS ledger_name,
 SUM(ta.amount) AS closing_balance
FROM trn_accounting ta
JOIN trn_voucher tv
 ON ta.guid = tv.guid
JOIN mst_ledger ml
 ON ta._ledger = ml.guid
JOIN mst_group mg
 ON ml._parent = mg.guid
WHERE mg.name = 'Duties & Taxes'
AND tv.date >= '2020-04-01'
AND tv.date <= '2021-03-31'
GROUP BY ml.name
ORDER BY ml.name;"
G111,Where am I losing money today?,"SELECT
 date_trunc('month', tv.date) AS month,
 msi.name AS item_name,
 SUM(CASE WHEN ti.quantity > 0 THEN ti.quantity ELSE 0 END)
 AS monthly_inflow_quantity,
 SUM(CASE WHEN ti.quantity > 0 THEN ti.amount ELSE 0 END)
 AS monthly_inflow_value,
 SUM(CASE WHEN ti.quantity < 0 THEN ti.quantity ELSE 0 END)
 AS monthly_outflow_quantity,
 SUM(CASE WHEN ti.quantity < 0 THEN ti.amount ELSE 0 END)
 AS monthly_outflow_value
FROM trn_inventory ti
JOIN trn_voucher tv
 ON ti.guid = tv.guid
JOIN mst_stock_item msi
 ON ti._item = msi.guid
WHERE tv.is_inventory_voucher = 1
GROUP BY
 date_trunc('month', tv.date),
 msi.name
ORDER BY
 month,
 msi.name;"
G112,What decisions should I take today?,"WITH base_data AS (
 SELECT
 tv.guid,
 tv.date,
 tv.voucher_number,
 tv.voucher_type,
 ml.name AS ledger_name,
 mg.name AS ledger_group,
 ta.amount
 FROM trn_voucher tv
 JOIN trn_accounting ta ON tv.guid = ta.guid
 JOIN mst_ledger ml ON ta._ledger = ml.guid
 JOIN mst_group mg ON ml._parent = mg.guid
 WHERE
 tv.is_order_voucher = 0
 AND tv.is_inventory_voucher = 0
 AND LOWER(tv.voucher_type) LIKE '%sales%'
),
inventory_data AS (
 SELECT
 guid,
 SUM(ABS(quantity)) AS total_quantity
 FROM trn_inventory
 WHERE quantity < 0
 GROUP BY guid
),
aggregated_data AS (
 SELECT
 DATE_TRUNC('month', b.date) AS month,
 TO_CHAR(b.date, 'Month YYYY') AS month_name,
 b.guid,
 /* Taxable Value */
 SUM(CASE
 WHEN b.ledger_group IN ('Sales Accounts')
 THEN b.amount ELSE 0 END
 ) AS taxable_value,
 /* Discounts */
 SUM(CASE
 WHEN LOWER(b.ledger_name) LIKE '%discount%'
 OR LOWER(b.ledger_name) LIKE '%incentive%'
 OR LOWER(b.ledger_name) LIKE '%margin%'
 THEN ABS(b.amount) ELSE 0 END
 ) AS total_discount,
 /* GST Breakup */
 SUM(CASE
 WHEN LOWER(REPLACE(b.ledger_name, ' ', '')) LIKE '%outputcgst%'
 OR LOWER(REPLACE(b.ledger_name, ' ', '')) LIKE '%cgst%'
 THEN b.amount
 ELSE 0
 END) AS cgst,
 SUM(CASE
 WHEN LOWER(REPLACE(b.ledger_name, ' ', '')) LIKE '%outputsgst%'
 OR LOWER(REPLACE(b.ledger_name, ' ', '')) LIKE '%sgst%'
 THEN b.amount
 ELSE 0
 END) AS sgst,
 SUM(CASE
 WHEN LOWER(REPLACE(b.ledger_name, ' ', '')) LIKE '%outputigst%'
 OR LOWER(REPLACE(b.ledger_name, ' ', '')) LIKE '%igst%'
 THEN b.amount
 ELSE 0
 END) AS igst,
 /* Quantity */
 COALESCE(MAX(i.total_quantity), 0) AS total_quantity
 FROM base_data b
 LEFT JOIN inventory_data i ON b.guid = i.guid
 GROUP BY
 DATE_TRUNC('month', b.date),
 TO_CHAR(b.date, 'Month YYYY'),
 b.guid
)
SELECT
 month_name,
 COUNT(DISTINCT guid) AS total_invoices,
 SUM(total_quantity) AS total_quantity,
 SUM(taxable_value + total_discount) AS gross_sales_value,
 SUM(total_discount) AS total_discount,
 SUM(taxable_value) AS taxable_value,
 SUM(cgst) AS cgst,
 SUM(sgst) AS sgst,
 SUM(igst) AS igst,
 SUM(cgst + sgst + igst) AS total_gst,
 SUM(taxable_value + cgst + sgst + igst) AS invoice_total
FROM aggregated_data
GROUP BY
 month,
 month_name
ORDER BY
 month;"
G113,What is biggest risk today?,"SELECT
 mg.name AS particulars,
 SUM(ml.closing_balance) AS closing_balance
FROM mst_ledger ml
JOIN mst_group mg
 ON ml._parent = mg.guid
GROUP BY mg.name
ORDER BY mg.name;"
G114,What opportunity should I capture today?,"SELECT
 l.name AS ledger_name,
 g.primary_group AS ledger_type,
 CASE WHEN SUM(a.amount) > 0 THEN ABS(SUM(a.amount)) ELSE 0 END AS credit_amount,
 CASE WHEN SUM(a.amount) < 0 THEN ABS(SUM(a.amount)) ELSE 0 END AS debit_amount,
 v.voucher_type,
 v.voucher_number,
 v.narration
FROM trn_voucher v
INNER JOIN trn_accounting a ON v.guid = a.guid
INNER JOIN mst_ledger l ON a._ledger = l.guid
INNER JOIN mst_group g ON l._parent = g.guid
WHERE v.date = '2021-02-03'
 AND v.is_order_voucher = 0
 AND v.is_inventory_voucher = 0
 AND g.is_revenue = 1
 AND (
 (g.is_deemedpositive = 1 AND a.amount < 0) OR
 (g.is_deemedpositive = 0 AND a.amount > 0)
 )
GROUP BY l.name, g.primary_group, v.voucher_type, v.voucher_number, v.narration, v.date
ORDER BY ABS(SUM(a.amount)) DESC"
G115,Which client needs urgent attention?,"WITH financial_summary AS (
 SELECT
 'Total Revenue' AS metric,
 SUM(CASE WHEN ta.amount > 0 THEN ABS(ta.amount) ELSE 0 END) AS credit_balance,
 SUM(CASE WHEN ta.amount < 0 THEN ABS(ta.amount) ELSE 0 END) AS debit_balance
 FROM trn_accounting ta
 JOIN trn_voucher tv ON ta.guid = tv.guid
 JOIN mst_ledger ml ON ta._ledger = ml.guid
 JOIN mst_group mg ON ml._parent = mg.guid
 WHERE tv.date <= '2021-03-31'
 AND tv.is_order_voucher = 0
 AND tv.is_inventory_voucher = 0
 AND mg.primary_group = 'Sales Accounts'
 UNION ALL
 SELECT
 'Total Expenses' AS metric,
 SUM(CASE WHEN ta.amount > 0 THEN ABS(ta.amount) ELSE 0 END) AS credit_balance,
 SUM(CASE WHEN ta.amount < 0 THEN ABS(ta.amount) ELSE 0 END) AS debit_balance
 FROM trn_accounting ta
 JOIN trn_voucher tv ON ta.guid = tv.guid
 JOIN mst_ledger ml ON ta._ledger = ml.guid
 JOIN mst_group mg ON ml._parent = mg.guid
 WHERE tv.date <= '2021-03-31'
 AND tv.is_order_voucher = 0
 AND tv.is_inventory_voucher = 0
 AND mg.primary_group IN ('Purchase Accounts', 'Direct Expenses', 'Indirect Expenses')
 UNION ALL
 SELECT
 'Outstanding Receivables' AS metric,
 SUM(CASE WHEN closing_balance > 0 THEN ABS(closing_balance) ELSE 0 END) AS credit_balance,
 SUM(CASE WHEN closing_balance < 0 THEN ABS(closing_balance) ELSE 0 END) AS debit_balance
 FROM mst_ledger ml
 JOIN mst_group mg ON ml._parent = mg.guid
 WHERE mg.primary_group = 'Sundry Debtors'
 UNION ALL
 SELECT
 'Outstanding Payables' AS metric,
 SUM(CASE WHEN closing_balance > 0 THEN ABS(closing_balance) ELSE 0 END) AS credit_balance,
 SUM(CASE WHEN closing_balance < 0 THEN ABS(closing_balance) ELSE 0 END) AS debit_balance
 FROM mst_ledger ml
 JOIN mst_group mg ON ml._parent = mg.guid
 WHERE mg.primary_group = 'Sundry Creditors'
 UNION ALL
 SELECT
 'Cash and Bank Balance' AS metric,
 SUM(CASE WHEN closing_balance > 0 THEN ABS(closing_balance) ELSE 0 END) AS credit_balance,
 SUM(CASE WHEN closing_balance < 0 THEN ABS(closing_balance) ELSE 0 END) AS debit_balance
 FROM mst_ledger ml
 JOIN mst_group mg ON ml._parent = mg.guid
 WHERE mg.primary_group IN ('Cash-in-Hand', 'Bank Accounts')
 UNION ALL
 SELECT
 'Stock Value' AS metric,
 SUM(ABS(closing_value)) AS credit_balance,
 0::NUMERIC AS debit_balance
 FROM mst_stock_item
)
SELECT
 metric,
 ROUND(credit_balance, 2) AS credit_balance,
 ROUND(debit_balance, 2) AS debit_balance
FROM financial_summary
ORDER BY
 CASE metric
 WHEN 'Total Revenue' THEN 1
 WHEN 'Total Expenses' THEN 2
 WHEN 'Outstanding Receivables' THEN 3
 WHEN 'Outstanding Payables' THEN 4
 WHEN 'Cash and Bank Balance' THEN 5
 WHEN 'Stock Value' THEN 6
 END"
G116,Any abnormal drop in sales?,"SELECT
 l.name AS ledger_name,
 g.primary_group,
 CASE WHEN l.closing_balance > 0 THEN ABS(l.closing_balance) ELSE 0 END AS credit_balance,
 CASE WHEN l.closing_balance < 0 THEN ABS(l.closing_balance) ELSE 0 END AS debit_balance,
 ABS(l.closing_balance) AS absolute_exposure
FROM
 mst_ledger l
 INNER JOIN mst_group g ON l._parent = g.guid
WHERE
 g.primary_group IN ('Sundry Debtors', 'Sundry Creditors', 'Loans (Liability)', 'Bank OD A/c', 'Unsecured Loans')
 AND l.closing_balance != 0
ORDER BY
 ABS(l.closing_balance) DESC
LIMIT 10"
G117,Any abnormal increase in expense?,"SELECT
 l.name AS ledger_name,
 l.parent AS ledger_group,
 CASE WHEN l.closing_balance > 0 THEN ABS(l.closing_balance) ELSE 0 END AS credit_balance,
 CASE WHEN l.closing_balance < 0 THEN ABS(l.closing_balance) ELSE 0 END AS debit_balance,
 g.primary_group,
 l.mailing_name,
 l.mobile,
 l.email,
 l.gstn
FROM mst_ledger l
INNER JOIN mst_group g ON l._parent = g.guid
WHERE g.primary_group IN ('Sundry Debtors', 'Sundry Creditors')
 AND l.closing_balance != 0
ORDER BY ABS(l.closing_balance) DESC
LIMIT 20"
G118,Any stock discrepancy today?,"SELECT
 l.name AS client_name,
 CASE WHEN l.closing_balance > 0 THEN ABS(l.closing_balance) ELSE 0 END AS credit_balance,
 CASE WHEN l.closing_balance < 0 THEN ABS(l.closing_balance) ELSE 0 END AS debit_balance,
 l.mobile,
 l.email,
 MAX(v.date) AS last_transaction_date,
 CURRENT_DATE - MAX(v.date) AS days_since_last_transaction,
 l.bill_credit_period,
 COUNT(DISTINCT CASE
 WHEN vt.parent IN ('Sales', 'Credit Note', 'Debit Note')
 AND v.is_invoice = 1
 THEN v.guid
 END) AS pending_invoice_count
FROM mst_ledger l
INNER JOIN mst_group g ON l._parent = g.guid
LEFT JOIN trn_voucher v ON v._party_name = l.guid
LEFT JOIN mst_vouchertype vt ON v._voucher_type = vt.guid
WHERE g.primary_group = 'Sundry Debtors'
 AND l.closing_balance < 0
GROUP BY l.guid, l.name, l.closing_balance, l.mobile, l.email, l.bill_credit_period
HAVING MAX(v.date) IS NOT NULL
ORDER BY
 ABS(l.closing_balance) DESC,
 days_since_last_transaction DESC
LIMIT 10"
G119,Any duplicate entries today?,"SELECT
 TO_CHAR(DATE_TRUNC('month', v.date), 'YYYY-MM') AS month,
 TO_CHAR(v.date, 'Month YYYY') AS month_name,
 ABS(SUM(a.amount)) AS sales_amount,
 LAG(ABS(SUM(a.amount))) OVER (ORDER BY DATE_TRUNC('month', v.date)) AS previous_month_sales,
 CASE
 WHEN LAG(ABS(SUM(a.amount))) OVER (ORDER BY DATE_TRUNC('month', v.date)) > 0
 THEN ROUND(
 ((ABS(SUM(a.amount)) - LAG(ABS(SUM(a.amount))) OVER (ORDER BY DATE_TRUNC('month', v.date)))
 / LAG(ABS(SUM(a.amount))) OVER (ORDER BY DATE_TRUNC('month', v.date))) * 100,
 2
 )
 ELSE 0
 END AS percentage_change,
 CASE
 WHEN LAG(ABS(SUM(a.amount))) OVER (ORDER BY DATE_TRUNC('month', v.date)) > 0
 AND ((ABS(SUM(a.amount)) - LAG(ABS(SUM(a.amount))) OVER (ORDER BY DATE_TRUNC('month', v.date)))
 / LAG(ABS(SUM(a.amount))) OVER (ORDER BY DATE_TRUNC('month', v.date))) < -0.20
 THEN 'Abnormal Drop (>20%)'
 WHEN LAG(ABS(SUM(a.amount))) OVER (ORDER BY DATE_TRUNC('month', v.date)) > 0
 AND ((ABS(SUM(a.amount)) - LAG(ABS(SUM(a.amount))) OVER (ORDER BY DATE_TRUNC('month', v.date)))
 / LAG(ABS(SUM(a.amount))) OVER (ORDER BY DATE_TRUNC('month', v.date))) < 0
 THEN 'Decline'
 ELSE 'Normal/Growth'
 END AS trend_flag
FROM trn_voucher v
INNER JOIN trn_accounting a ON v.guid = a.guid
INNER JOIN mst_vouchertype vt ON v._voucher_type = vt.guid
INNER JOIN mst_ledger l ON a._ledger = l.guid
INNER JOIN mst_group g ON l._parent = g.guid
WHERE v.date BETWEEN '2020-04-01' AND '2021-03-31'
 AND v.is_order_voucher = 0
 AND v.is_inventory_voucher = 0
 AND vt.parent IN ('Sales', 'Trading Sales')
 AND g.primary_group = 'Sales Accounts'
GROUP BY DATE_TRUNC('month', v.date), v.date
ORDER BY DATE_TRUNC('month', v.date);"
G120,Any negative stock today?,"SELECT
 EXTRACT(YEAR FROM tv.date) AS financial_year_part,
 EXTRACT(MONTH FROM tv.date) AS month_of_year,
 SUM(ABS(ta.amount)) AS total_monthly_expense
FROM
 trn_accounting AS ta
JOIN
 trn_voucher AS tv ON ta.guid = tv.guid
JOIN
 mst_ledger AS ml ON ta._ledger = ml.guid
JOIN
 mst_group AS mg ON ml._parent = mg.guid
WHERE
 tv.date >= '2020-04-01' AND tv.date <= '2021-03-31'
 AND (mg.primary_group = 'Indirect Expenses' OR mg.primary_group = 'Direct Expenses')
 AND ta.amount < 0 /* Expenses are recorded as negative amounts (debits) */
 AND tv.is_order_voucher = 0
 AND tv.is_inventory_voucher = 0
GROUP BY
 EXTRACT(YEAR FROM tv.date),
 EXTRACT(MONTH FROM tv.date)
ORDER BY
 financial_year_part,
 month_of_year;"
G121,What is today's net cash flow?,"WITH stock_till_date AS (
 SELECT
 msi.guid,
 msi.name AS item_name,
 -- Opening stock
 COALESCE(msi.opening_balance, 0) +
 -- Movement before given date
 COALESCE(SUM(ti.quantity), 0) AS closing_qty
 FROM mst_stock_item msi
 LEFT JOIN trn_inventory ti
 ON ti._item = msi.guid
 LEFT JOIN trn_voucher tv
 ON ti.guid = tv.guid
 AND (tv.date >= '2026-01-01' AND tv.date <= '2026-01-01')
 AND tv.is_order_voucher = 0
 GROUP BY msi.guid, msi.name, msi.opening_balance
)
SELECT
 item_name,
 closing_qty
FROM stock_till_date
WHERE closing_qty < 0
ORDER BY closing_qty;"
G122,What is today's inflow vs outflow?,"SELECT
 tv.date,
 vt.name AS voucher_type,
 tv.voucher_number,
 tv.party_name,
 tv.reference_number,
 dup.duplicate_count
FROM trn_voucher tv
JOIN mst_vouchertype vt
 ON tv._voucher_type = vt.guid
JOIN (
 /* Find document/reference numbers used in vouchers dated 02-02-2026,
 then check if same number exists multiple times in all dates */
 SELECT
 reference_number,
 COUNT(*) AS duplicate_count
 FROM trn_voucher
 WHERE reference_number IN (
 SELECT DISTINCT reference_number
 FROM trn_voucher
 WHERE date = '2025-08-13'
 -- AND COALESCE(reference_number,'') <> ''
 )
 GROUP BY reference_number
 HAVING COUNT(*) > 1
) dup
 ON tv.reference_number = dup.reference_number
ORDER BY
 tv.reference_number,
 tv.date,
 tv.voucher_number;"
G123,Any risk of negative balance today?,"WITH stock_till_date AS (
 SELECT
 msi.guid,
 msi.name AS item_name,
 -- Opening stock
 COALESCE(msi.opening_balance, 0) +
 -- Movement before given date
 COALESCE(SUM(ti.quantity), 0) AS closing_qty
 FROM mst_stock_item msi
 LEFT JOIN trn_inventory ti
 ON ti._item = msi.guid
 LEFT JOIN trn_voucher tv
 ON ti.guid = tv.guid
 AND (tv.date >= '2025-04-01' AND tv.date <= '2026-03-31')
 AND tv.is_order_voucher = 0
 GROUP BY msi.guid, msi.name, msi.opening_balance
)
SELECT
 item_name,
 closing_qty
FROM stock_till_date
WHERE closing_qty < 0
ORDER BY closing_qty;"
G124,Which customers should I call today for payment?,"WITH cash_entries AS (
 SELECT
 tv.guid,
 tv.date,
 vt.name AS voucher_type,
-- Inflow (positive)
SUM(CASE
 WHEN LOWER(mg.primary_group) IN ('cash-in-hand','bank accounts','bank od a/c')
 AND ta.amount < 0
 THEN ABS(ta.amount) ELSE 0
END) AS inflow,
-- Outflow (positive)
SUM(CASE
 WHEN LOWER(mg.primary_group) IN ('cash-in-hand','bank accounts','bank od a/c')
 AND ta.amount > 0
 THEN ta.amount ELSE 0
END) AS outflow
 FROM trn_accounting ta
 JOIN trn_voucher tv ON ta.guid = tv.guid
 JOIN mst_ledger ml ON ta._ledger = ml.guid
 JOIN mst_group mg ON ml._parent = mg.guid
 JOIN mst_vouchertype vt ON tv._voucher_type = vt.guid
 WHERE
 tv.date BETWEEN '2025-04-01' AND '2026-03-31'
 AND tv.is_order_voucher = 0
 GROUP BY tv.guid, tv.date, vt.name
),
filtered_cash AS (
 SELECT *
 FROM cash_entries
 WHERE
 -- ❗ Remove internal transfers (Contra-like)
 NOT (inflow > 0 AND outflow > 0)
)
SELECT
 date,
 ROUND(SUM(inflow),2) AS inflow,
 ROUND(SUM(outflow),2) AS outflow,
 -- Net stays same
 ROUND(SUM(inflow) - SUM(outflow), 2) AS net_flow
FROM filtered_cash
GROUP BY date
ORDER BY date;"
G125,Which items will go out of stock today?,"WITH cash_entries AS (
 SELECT
 tv.guid,
 tv.date,
 vt.name AS voucher_type,
-- Inflow (positive)
SUM(CASE
 WHEN LOWER(mg.primary_group) IN ('cash-in-hand','bank accounts','bank od a/c')
 AND ta.amount < 0
 THEN ABS(ta.amount) ELSE 0
END) AS inflow,
-- Outflow (positive)
SUM(CASE
 WHEN LOWER(mg.primary_group) IN ('cash-in-hand','bank accounts','bank od a/c')
 AND ta.amount > 0
 THEN ta.amount ELSE 0
END) AS outflow
 FROM trn_accounting ta
 JOIN trn_voucher tv ON ta.guid = tv.guid
 JOIN mst_ledger ml ON ta._ledger = ml.guid
 JOIN mst_group mg ON ml._parent = mg.guid
 JOIN mst_vouchertype vt ON tv._voucher_type = vt.guid
 WHERE
 tv.date BETWEEN '2025-04-01' AND '2026-03-31'
 AND tv.is_order_voucher = 0
 GROUP BY tv.guid, tv.date, vt.name
),
filtered_cash AS (
 SELECT *
 FROM cash_entries
 WHERE
 -- ❗ Remove internal transfers (Contra-like)
 NOT (inflow > 0 AND outflow > 0)
)
SELECT
 date,
 ROUND(SUM(inflow),2) AS inflow,
 ROUND(SUM(outflow),2) AS outflow
FROM filtered_cash
GROUP BY date
ORDER BY date;"
G126,Any abnormal stock movement today?,"WITH balance_as_on AS (
 SELECT
 ml.guid,
 ml.name AS ledger_name,
 mg.primary_group,
 -- Opening + all past movements
 COALESCE(ml.opening_balance, 0) +
 COALESCE(SUM(ta.amount), 0) AS closing_balance
 FROM mst_ledger ml
 JOIN mst_group mg ON ml._parent = mg.guid
 LEFT JOIN trn_accounting ta
 ON ta._ledger = ml.guid
 LEFT JOIN trn_voucher tv
 ON ta.guid = tv.guid
 AND tv.date = '2025-04-01'
 AND tv.is_order_voucher = 0
 WHERE
 LOWER(mg.primary_group) IN (
 'cash-in-hand',
 'bank accounts',
 'bank od a/c'
 )
 GROUP BY ml.guid, ml.name, mg.primary_group, ml.opening_balance
)
SELECT
 ledger_name,
 primary_group,
 ROUND(closing_balance, 2) AS closing_balance
FROM balance_as_on
WHERE closing_balance < 0 -- 🔴 Negative balance risk
ORDER BY closing_balance;"
G127,Any unusual expense today?,"WITH debtor_summary AS (
 SELECT
 ml.guid,
 ml.name AS customer_name,
 -- Total Debit (Sales)
 SUM(CASE
 WHEN ta.amount > 0 THEN ta.amount ELSE 0
 END) AS total_debit,
 -- Total Credit (Receipts)
 SUM(CASE
 WHEN ta.amount < 0 THEN ABS(ta.amount) ELSE 0
 END) AS total_credit,
 -- Net Balance
 COALESCE(ml.opening_balance,0) +
 SUM(ta.amount) AS net_balance
 FROM mst_ledger ml
 JOIN mst_group mg ON ml._parent = mg.guid
 LEFT JOIN trn_accounting ta
 ON ta._ledger = ml.guid
 LEFT JOIN trn_voucher tv
 ON ta.guid = tv.guid
 AND tv.date <= '2026-03-31'
 AND tv.is_order_voucher = 0
 WHERE
 LOWER(mg.primary_group) = 'sundry debtors'
 GROUP BY ml.guid, ml.name, ml.opening_balance
)
SELECT
 customer_name,
 ROUND(total_debit,2) AS total_sales,
 ROUND(total_credit,2) AS total_received,
 ROUND(net_balance,2) AS net_balance
FROM debtor_summary
-- ✅ Key Fix
WHERE total_debit > total_credit
ORDER BY (total_debit - total_credit) DESC;"
G128,What is my GST liability?,"WITH stock_movement AS (
 SELECT
 msi.guid,
 msi.name AS item_name,
 tv.date,
 SUM(ti.quantity) AS qty
 FROM trn_inventory ti
 JOIN trn_voucher tv ON ti.guid = tv.guid
 JOIN mst_stock_item msi ON ti._item = msi.guid
 WHERE
 tv.date BETWEEN '2025-04-01' AND '2025-04-01'
 AND tv.is_order_voucher = 0
 GROUP BY msi.guid, msi.name, tv.date
),
running_stock AS (
 SELECT
 sm.item_name,
 sm.date,
 sm.qty,
 -- Opening + running movement
 COALESCE(msi.opening_balance,0) +
 SUM(sm.qty) OVER (
 PARTITION BY sm.item_name
 ORDER BY sm.date
 ROWS BETWEEN UNBOUNDED PRECEDING AND CURRENT ROW
 ) AS cumulative_qty
 FROM stock_movement sm
 JOIN mst_stock_item msi ON sm.guid = msi.guid
)
SELECT
 item_name,
 date,
 cumulative_qty
FROM running_stock
WHERE cumulative_qty < 0 -- 🔴 Out of stock condition
ORDER BY item_name, date;"
G129,What is my output GST?,"SELECT msi.name, tv.party_name AS stock_item_name, tv.date AS voucher_date, ti.quantity, ti.amount FROM trn_inventory ti JOIN trn_voucher tv ON ti.guid = tv.guid JOIN mst_stock_item msi ON ti._item = msi.guid WHERE (tv.date >= '2025-07-01' AND tv.date <= '2025-07-31') AND msi.closing_balance < 0;"
G130,What is my input GST?,"SELECT ml.name AS expense_ledger_name, tv.date AS transaction_date, tv.voucher_number, tv.narration, ABS(ta.amount) AS expense_amount FROM trn_accounting AS ta JOIN trn_voucher AS tv ON ta.guid = tv.guid JOIN mst_ledger AS ml ON ta._ledger = ml.guid JOIN mst_group AS mg ON ml._parent = mg.guid WHERE tv.date = '2025-03-28' AND ta.amount < 0 AND mg.primary_group IN ('Indirect Expenses', 'Direct Expenses') AND tv.is_order_voucher = 0 AND tv.is_inventory_voucher = 0;"
G131,What is net GST payable?,"SELECT l.name AS ledger_name, l.parent AS ledger_group, CASE WHEN l.closing_balance > 0 THEN ABS(l.closing_balance) ELSE 0 END AS credit_balance, CASE WHEN l.closing_balance < 0 THEN ABS(l.closing_balance) ELSE 0 END AS debit_balance FROM mst_ledger l INNER JOIN mst_group g ON l._parent = g.guid WHERE g.primary_group = 'Duties & Taxes' AND l.name NOT LIKE '%TDS%' AND l.closing_balance != 0 ORDER BY l.name;"
G132,What is GST summary for this month?,"SELECT
 l.name AS ledger_name,
 CASE
 WHEN l.closing_balance > 0 THEN ABS(l.closing_balance)
 ELSE 0
 END AS credit_balance,
 CASE
 WHEN l.closing_balance < 0 THEN ABS(l.closing_balance)
 ELSE 0
 END AS debit_balance
FROM mst_ledger l
INNER JOIN mst_group g
 ON l._parent = g.guid
WHERE g.primary_group = 'Duties & Taxes'
 AND l.closing_balance <> 0
 AND (
 -- Core Output GST ledgers
 LOWER(l.name) LIKE '%output%'
 -- OR GST types explicitly (excluding input)
 OR (
 (LOWER(l.name) LIKE '%cgst%'
 OR LOWER(l.name) LIKE '%sgst%'
 OR LOWER(l.name) LIKE '%igst%')
 AND LOWER(l.name) NOT LIKE '%input%'
 )
 )
ORDER BY l.name;"
G133,Compare GST last 3 months,"SELECT
 l.name AS ledger_name,
 CASE
 WHEN l.closing_balance > 0 THEN ABS(l.closing_balance)
 ELSE 0
 END AS credit_balance,
 CASE
 WHEN l.closing_balance < 0 THEN ABS(l.closing_balance)
 ELSE 0
 END AS debit_balance
FROM mst_ledger l
INNER JOIN mst_group g
 ON l._parent = g.guid
WHERE g.primary_group = 'Duties & Taxes'
 AND l.closing_balance <> 0
 AND (
 -- Core Output GST ledgers
 LOWER(l.name) LIKE '%input%'
 -- OR GST types explicitly (excluding input)
 OR (
 (LOWER(l.name) LIKE '%cgst%'
 OR LOWER(l.name) LIKE '%sgst%'
 OR LOWER(l.name) LIKE '%igst%'
 OR LOWER(l.name) LIKE '%vat%')
 AND LOWER(l.name) NOT LIKE '%output%'
 )
 )
ORDER BY l.name;"
G134,What is my gross GST on sales?,"SELECT
 COALESCE(ledger_name, 'TOTAL') AS ledger_name,
 SUM(credit_balance) AS credit_balance,
 SUM(debit_balance) AS debit_balance,
 SUM(credit_balance - debit_balance) AS gst_payable
FROM
(
 SELECT
 l.name AS ledger_name,
 CASE
 WHEN l.closing_balance > 0 THEN ABS(l.closing_balance)
 ELSE 0
 END AS credit_balance,
 CASE
 WHEN l.closing_balance < 0 THEN ABS(l.closing_balance)
 ELSE 0
 END AS debit_balance
 FROM mst_ledger l
 INNER JOIN mst_group g
 ON l._parent = g.guid
 WHERE g.primary_group = 'Duties & Taxes'
 AND LOWER(l.name) NOT LIKE '%tds%'
 AND l.closing_balance <> 0
) x
GROUP BY ROLLUP(ledger_name)
ORDER BY
 CASE WHEN ledger_name IS NULL THEN 1 ELSE 0 END,
 ledger_name;"
G135,What is my net GST on sales?,"SELECT
 -- vt.name AS voucher_type,
 ml.name AS gst_ledger,
 ROUND(SUM(CASE WHEN ta.amount < 0 THEN ABS(ta.amount) ELSE 0 END),2) AS debit,
 ROUND(SUM(CASE WHEN ta.amount > 0 THEN ta.amount ELSE 0 END),2) AS credit
FROM trn_accounting ta
JOIN trn_voucher tv ON ta.guid = tv.guid
JOIN mst_vouchertype vt ON tv._voucher_type = vt.guid
JOIN mst_ledger ml ON ta._ledger = ml.guid
WHERE tv.date BETWEEN '2026-02-01' AND '2026-02-28'
/* All GST related ledgers */
 AND (
 LOWER(ml.name) LIKE '%cgst%'
 OR LOWER(ml.name) LIKE '%sgst%'
 OR LOWER(ml.name) LIKE '%igst%'
 OR LOWER(ml.name) LIKE '%utgst%'
 OR LOWER(ml.name) LIKE '%g s t%'
 )
GROUP BY ml.name
ORDER BY ml.name;"
G136,What is my gross GST on purchase?,"WITH base AS (
 SELECT
 tv.date,
 ta.amount
 FROM trn_accounting ta
 JOIN trn_voucher tv ON ta.guid = tv.guid
 JOIN mst_vouchertype vt ON tv._voucher_type = vt.guid
 JOIN mst_ledger ml ON ta._ledger = ml.guid
 JOIN mst_group g ON ml._parent = g.guid
 WHERE g.primary_group = 'Duties & Taxes'
),
opening AS (
 SELECT
 COALESCE(SUM(amount),0) AS opening_balance
 FROM base
 WHERE date < '2026-03-31'
),
monthly AS (
 SELECT
 DATE_TRUNC('month', date)::date AS month_start,
 TO_CHAR(date,'Mon-YYYY') AS month_name,
 ROUND(SUM(CASE WHEN amount < 0 THEN ABS(amount) ELSE 0 END),2) AS debit,
 ROUND(SUM(CASE WHEN amount > 0 THEN amount ELSE 0 END),2) AS credit,
 SUM(amount) AS net_change
 FROM base
 WHERE date BETWEEN '2026-01-01' AND '2026-03-31'
 GROUP BY 1,2
)
SELECT
 m.month_name,
 m.debit,
 m.credit
FROM monthly m
CROSS JOIN opening o
ORDER BY m.month_start;"
G137,What is my net GST on purchase?,"SELECT
 vt.parent,
 ml.name AS ledger_name,
 SUM(ABS(ta.amount)) AS gst_amount,
 COUNT(DISTINCT tv.guid) AS voucher_count
FROM trn_voucher tv
JOIN trn_accounting ta ON tv.guid = ta.guid
JOIN mst_ledger ml ON ta._ledger = ml.guid
JOIN mst_group mg ON ml._parent = mg.guid
JOIN mst_vouchertype vt ON tv._voucher_type = vt.guid
WHERE tv.date BETWEEN '2025-04-01' AND '2026-03-31'
 AND LOWER(vt.parent) LIKE '%sales%'
 AND mg.primary_group = 'Duties & Taxes'
GROUP BY ml.name, vt.parent
ORDER BY ml.name;"
G138,Any mismatch in GSTR-1 vs GSTR-3B?,"SELECT
 -- vt.parent,
 ml.name AS ledger_name,
 SUM(ta.amount) AS gst_amount,
 COUNT(DISTINCT tv.guid) AS voucher_count
FROM trn_voucher tv
JOIN trn_accounting ta ON tv.guid = ta.guid
JOIN mst_ledger ml ON ta._ledger = ml.guid
JOIN mst_group mg ON ml._parent = mg.guid
JOIN mst_vouchertype vt ON tv._voucher_type = vt.guid
WHERE tv.date BETWEEN '2025-04-01' AND '2026-03-31'
AND mg.primary_group = 'Duties & Taxes'
AND (
 LOWER(vt.parent) LIKE '%credit note%'
 OR LOWER(vt.parent) LIKE '%sales%'
 )
AND LOWER(vt.parent) NOT LIKE '%sales or%'
GROUP BY ml.name
-- ,vt.parent
ORDER BY ml.name;"
G139,What is late fee liability?,"SELECT
 vt.parent,
 ml.name AS ledger_name,
 SUM(ABS(ta.amount)) AS gst_amount,
 COUNT(DISTINCT tv.guid) AS voucher_count
FROM trn_voucher tv
JOIN trn_accounting ta ON tv.guid = ta.guid
JOIN mst_ledger ml ON ta._ledger = ml.guid
JOIN mst_group mg ON ml._parent = mg.guid
JOIN mst_vouchertype vt ON tv._voucher_type = vt.guid
WHERE tv.date BETWEEN '2025-04-01' AND '2026-03-31'
 AND LOWER(vt.parent) LIKE '%purchase%'
 AND mg.primary_group = 'Duties & Taxes'
GROUP BY ml.name, vt.parent
ORDER BY ml.name;"
G140,What is reverse charge liability?,"SELECT
 -- vt.parent,
 ml.name AS ledger_name,
 SUM(ta.amount) AS gst_amount,
 COUNT(DISTINCT tv.guid) AS voucher_count
FROM trn_voucher tv
JOIN trn_accounting ta ON tv.guid = ta.guid
JOIN mst_ledger ml ON ta._ledger = ml.guid
JOIN mst_group mg ON ml._parent = mg.guid
JOIN mst_vouchertype vt ON tv._voucher_type = vt.guid
WHERE tv.date BETWEEN '2025-04-01' AND '2026-03-31'
AND mg.primary_group = 'Duties & Taxes'
AND (
 LOWER(vt.parent) LIKE '%debit note%'
 OR LOWER(vt.parent) LIKE '%purchase%'
 )
AND LOWER(vt.parent) NOT LIKE '%purchase or%'
GROUP BY ml.name
-- ,vt.parent
ORDER BY ml.name;"
G141,What is total TDS deducted?,"WITH gstr1_summary AS (
 SELECT
 DATE_TRUNC('month', v.date) AS month,
 -- ✅ Taxable (ONLY sales accounts)
 SUM(CASE
 WHEN LOWER(g.primary_group) = 'sales accounts'
 AND vt.parent IN ('Sales','Debit Note')
 THEN ABS(a.amount)
 WHEN LOWER(g.primary_group) = 'sales accounts'
 AND vt.parent = 'Credit Note'
 THEN -ABS(a.amount)
 ELSE 0
 END) AS gstr1_taxable_value,
 -- ✅ CGST
 SUM(CASE
 WHEN LOWER(g.primary_group) = 'duties & taxes'
 AND LOWER(l.name) LIKE '%cgst%'
 AND vt.parent IN ('Sales','Debit Note')
 THEN ABS(a.amount)
 WHEN LOWER(g.primary_group) = 'duties & taxes'
 AND LOWER(l.name) LIKE '%cgst%'
 AND vt.parent = 'Credit Note'
 THEN -ABS(a.amount)
 ELSE 0
 END) AS gstr1_cgst,
 -- ✅ SGST
 SUM(CASE
 WHEN LOWER(g.primary_group) = 'duties & taxes'
 AND LOWER(l.name) LIKE '%sgst%'
 AND vt.parent IN ('Sales','Debit Note')
 THEN ABS(a.amount)
 WHEN LOWER(g.primary_group) = 'duties & taxes'
 AND LOWER(l.name) LIKE '%sgst%'
 AND vt.parent = 'Credit Note'
 THEN -ABS(a.amount)
 ELSE 0
 END) AS gstr1_sgst,
 -- ✅ IGST
 SUM(CASE
 WHEN LOWER(g.primary_group) = 'duties & taxes'
 AND LOWER(l.name) LIKE '%igst%'
 AND vt.parent IN ('Sales','Debit Note')
 THEN ABS(a.amount)
 WHEN LOWER(g.primary_group) = 'duties & taxes'
 AND LOWER(l.name) LIKE '%igst%'
 AND vt.parent = 'Credit Note'
 THEN -ABS(a.amount)
 ELSE 0
 END) AS gstr1_igst
 FROM trn_voucher v
 JOIN mst_vouchertype vt ON v._voucher_type = vt.guid
 JOIN trn_accounting a ON v.guid = a.guid
 JOIN mst_ledger l ON a._ledger = l.guid
 JOIN mst_group g ON l._parent = g.guid
 WHERE
 v.date BETWEEN '2025-04-01' AND '2025-04-30'
 AND v.is_order_voucher = 0
 AND v.is_inventory_voucher = 0
 AND vt.parent IN ('Sales', 'Credit Note', 'Debit Note')
 GROUP BY DATE_TRUNC('month', v.date)
),
gstr3b_summary AS (
 SELECT
 DATE_TRUNC('month', v.date) AS month,
 -- ✅ ONLY outward GST (3.1a)
 SUM(CASE
 WHEN LOWER(g.primary_group) = 'duties & taxes'
 AND LOWER(l.name) LIKE '%cgst%'
 AND vt.parent IN ('Sales','Debit Note','Credit Note')
 THEN ABS(a.amount) ELSE 0
 END) AS gstr3b_cgst,
 SUM(CASE
 WHEN LOWER(g.primary_group) = 'duties & taxes'
 AND LOWER(l.name) LIKE '%sgst%'
 AND vt.parent IN ('Sales','Debit Note','Credit Note')
 THEN ABS(a.amount) ELSE 0
 END) AS gstr3b_sgst,
 SUM(CASE
 WHEN LOWER(g.primary_group) = 'duties & taxes'
 AND LOWER(l.name) LIKE '%igst%'
 AND vt.parent IN ('Sales','Debit Note','Credit Note')
 THEN ABS(a.amount) ELSE 0
 END) AS gstr3b_igst
 FROM trn_voucher v
 JOIN mst_vouchertype vt ON v._voucher_type = vt.guid
 JOIN trn_accounting a ON v.guid = a.guid
 JOIN mst_ledger l ON a._ledger = l.guid
 JOIN mst_group g ON l._parent = g.guid
 WHERE
 v.date BETWEEN '2025-04-01' AND '2025-04-30'
 AND v.is_order_voucher = 0
 AND vt.parent IN ('Sales','Debit Note','Credit Note')
 GROUP BY DATE_TRUNC('month', v.date)
)
SELECT
 TO_CHAR(g1.month, 'Mon-YYYY') AS month,
 ROUND(g1.gstr1_taxable_value, 2) AS gstr1_taxable_value,
 ROUND(g1.gstr1_cgst, 2) AS gstr1_cgst,
 ROUND(g1.gstr1_sgst, 2) AS gstr1_sgst,
 ROUND(g1.gstr1_igst, 2) AS gstr1_igst,
 ROUND(g3.gstr3b_cgst, 2) AS gstr3b_cgst,
 ROUND(g3.gstr3b_sgst, 2) AS gstr3b_sgst,
 ROUND(g3.gstr3b_igst, 2) AS gstr3b_igst,
 -- ✅ Difference
 ROUND(g1.gstr1_cgst - g3.gstr3b_cgst, 2) AS cgst_mismatch,
 ROUND(g1.gstr1_sgst - g3.gstr3b_sgst, 2) AS sgst_mismatch,
 ROUND(g1.gstr1_igst - g3.gstr3b_igst, 2) AS igst_mismatch,
 CASE
 WHEN ABS(g1.gstr1_cgst - g3.gstr3b_cgst) > 1
 OR ABS(g1.gstr1_sgst - g3.gstr3b_sgst) > 1
 OR ABS(g1.gstr1_igst - g3.gstr3b_igst) > 1
 THEN 'Mismatch Found'
 ELSE 'Match'
 END AS status
FROM gstr1_summary g1
JOIN gstr3b_summary g3
 ON g1.month = g3.month;"
G142,What is TDS payable?,"SELECT
 l.name AS ledger_name,
 l.parent AS ledger_group,
 CASE
 WHEN l.closing_balance > 0
 THEN ABS(l.closing_balance)
 ELSE 0
 END AS credit_balance,
 CASE
 WHEN l.closing_balance < 0
 THEN ABS(l.closing_balance)
 ELSE 0
 END AS debit_balance
FROM mst_ledger l
JOIN mst_group g
 ON l._parent = g.guid
WHERE
 (
 LOWER(l.name) LIKE '%late fee%'
 OR LOWER(l.name) LIKE '%penalty%'
 )
ORDER BY l.name;"
G143,Which parties have TDS applied?,"SELECT
 ml.name AS ledger_name,
 SUM(CASE
 WHEN ta.amount > 0 THEN ABS(ta.amount)
 ELSE 0
 END) AS credit_amount,
 SUM(CASE
 WHEN ta.amount < 0 THEN ABS(ta.amount)
 ELSE 0
 END) AS debit_amount,
 SUM(ta.amount) AS net_rcm_liability
FROM trn_voucher tv
JOIN trn_accounting ta ON tv.guid = ta.guid
JOIN mst_ledger ml ON ta._ledger = ml.guid
JOIN mst_group mg ON ml._parent = mg.guid
WHERE tv.date BETWEEN '2022-04-01' AND '2023-03-31'
 AND mg.primary_group = 'Duties & Taxes'
 -- 🔥 Identify RCM
 AND (
 LOWER(ml.name) LIKE '%rcm%'
 OR LOWER(ml.name) LIKE '%reverse charge%'
 )
GROUP BY ml.name
HAVING SUM(ta.amount) != 0
ORDER BY ml.name;"
G144,Which payments missed TDS?,"SELECT ml.name,tv.voucher_type, SUM(ABS(ta.amount)) AS total_tds_deducted FROM trn_accounting ta INNER JOIN trn_voucher tv ON ta.guid = tv.guid INNER JOIN mst_ledger ml ON ta._ledger = ml.guid INNER JOIN mst_group mg ON ml._parent = mg.guid WHERE mg.primary_group = 'Duties & Taxes'
AND LOWER(ml.name) LIKE '%tds%'
AND LOWER(tv.voucher_type) LIKE '%journal%'
OR LOWER(tv.voucher_type) LIKE '%jur%'
AND tv.date BETWEEN '2025-04-01' AND '2026-03-31'
GROUP BY ml.name,tv.voucher_type;"
G145,What is TDS return summary?,"WITH RECURSIVE grp AS (
 /* TDS related groups */
 SELECT
 g.guid,
 g.name,
 g._parent
 FROM mst_group g
 WHERE LOWER(g.name) LIKE '%tds%'
 UNION ALL
 SELECT
 c.guid,
 c.name,
 c._parent
 FROM mst_group c
 JOIN grp p
 ON c._parent = p.guid
),
ledger_balance AS (
 SELECT
 ml.guid,
 ml.name AS ledger_name,
 SUM(ta.amount) AS closing_balance
 FROM trn_accounting ta
 JOIN trn_voucher tv
 ON ta.guid = tv.guid
 JOIN mst_ledger ml
 ON ta._ledger = ml.guid
 LEFT JOIN grp
 ON ml._parent = grp.guid
 WHERE tv.date <= '2026-03-31'
 AND (
 grp.guid IS NOT NULL
 OR LOWER(ml.name) LIKE '%tds%'
 )
 GROUP BY ml.guid, ml.name
)
SELECT
 ledger_name,
 ROUND(
 CASE
 WHEN closing_balance < 0
 THEN ABS(closing_balance)
 ELSE 0
 END
 ,2) AS credit_closing_balance,
 ROUND(
 CASE
 WHEN closing_balance > 0
 THEN closing_balance
 ELSE 0
 END
 ,2) AS debit_closing_balance,
 ROUND(
 CASE
 WHEN closing_balance < 0
 THEN ABS(closing_balance)
 ELSE -closing_balance
 END
 ,2) AS tds_payable
FROM ledger_balance
UNION ALL
SELECT
 'TOTAL',
 ROUND(SUM(
 CASE
 WHEN closing_balance < 0
 THEN ABS(closing_balance)
 ELSE 0
 END
 ),2),
 ROUND(SUM(
 CASE
 WHEN closing_balance > 0
 THEN closing_balance
 ELSE 0
 END
 ),2),
 ROUND(
 SUM(
 CASE
 WHEN closing_balance < 0
 THEN ABS(closing_balance)
 ELSE 0
 END
 )
 -
 SUM(
 CASE
 WHEN closing_balance > 0
 THEN closing_balance
 ELSE 0
 END
 )
 ,2)
FROM ledger_balance
ORDER BY 1;"
G146,TDS section-wise summary,"SELECT DISTINCT ml.name AS party_name, ml.it_pan, ml.gstn, ml.mailing_state, ml.mobile, ml.email FROM trn_accounting ta JOIN trn_voucher tv ON ta.guid = tv.guid JOIN mst_ledger ml ON ta._ledger = ml.guid JOIN mst_group mg ON ml._parent = mg.guid WHERE mg.primary_group IN ('Duties & Taxes', 'Current Liabilities') AND ml.name LIKE '%TDS%' AND tv.is_accounting_voucher = 1 AND tv.is_order_voucher = 0 AND tv.is_inventory_voucher = 0 AND tv.date BETWEEN '2024-04-01' AND '2026-03-31' AND tv._party_name IS NOT NULL AND tv._party_name != '' ORDER BY ml.name;"
G147,Any duplicate entries?,"SELECT v.date, v.voucher_type, v.voucher_number, v.party_name, l.name AS ledger_name, CASE WHEN a.amount < 0 THEN ABS(a.amount) ELSE 0 END AS debit_amount, CASE WHEN a.amount > 0 THEN ABS(a.amount) ELSE 0 END AS credit_amount FROM trn_voucher v INNER JOIN trn_accounting a ON v.guid = a.guid INNER JOIN mst_ledger l ON a._ledger = l.guid INNER JOIN mst_group g ON l._parent = g.guid INNER JOIN mst_vouchertype vt ON v._voucher_type = vt.guid WHERE vt.parent = 'Payment' AND v.is_accounting_voucher = 1 AND v.is_order_voucher = 0 AND v.is_inventory_voucher = 0 AND v.date BETWEEN '2026-01-01' AND '2026-01-01' AND v.guid NOT IN ( SELECT DISTINCT a2.guid FROM trn_accounting a2 INNER JOIN mst_ledger l2 ON a2._ledger = l2.guid INNER JOIN mst_group g2 ON l2._parent = g2.guid WHERE g2.primary_group = 'Duties & Taxes' AND (l2.name ILIKE '%TDS%' OR l2.parent ILIKE '%TDS%') ) ORDER BY v.date DESC, v.voucher_number;"
G148,Any round-off manipulation?,"WITH RECURSIVE grp AS (
 /* Find TDS related groups */
 SELECT guid,name,_parent
 FROM mst_group
 WHERE LOWER(name) LIKE '%tds%'
 UNION ALL
 SELECT g.guid,g.name,g._parent
 FROM mst_group g
 JOIN grp p
 ON g._parent = p.guid
),
tds_entries AS (
 SELECT
 tv.guid,
 tv.date,
 COALESCE(NULLIF(tv.party_name,''),'Unknown') AS deductee_name,
 ml.name AS ledger_name,
 ta.amount
 FROM trn_accounting ta
 JOIN trn_voucher tv
 ON ta.guid = tv.guid
 JOIN mst_ledger ml
 ON ta._ledger = ml.guid
 LEFT JOIN grp
 ON ml._parent = grp.guid
 WHERE tv.date BETWEEN '2025-04-01' AND '2026-03-31'
 AND (
 grp.guid IS NOT NULL
 OR LOWER(ml.name) LIKE '%tds%'
 OR LOWER(ml.name) LIKE '%194%'
 OR LOWER(ml.name) LIKE '%tax deducted%'
 )
),
summary AS (
 SELECT
 ROUND(SUM(CASE WHEN amount < 0 THEN ABS(amount) ELSE 0 END),2) AS total_tds_deducted,
 ROUND(SUM(CASE WHEN amount > 0 THEN amount ELSE 0 END),2) AS total_tds_paid,
 ROUND(
 SUM(CASE WHEN amount < 0 THEN ABS(amount) ELSE 0 END) -
 SUM(CASE WHEN amount > 0 THEN amount ELSE 0 END)
 ,2) AS balance_payable,
 COUNT(*) AS transaction_count,
 COUNT(DISTINCT deductee_name) AS deductee_count,
 SUM(CASE WHEN deductee_name = 'Unknown' THEN 1 ELSE 0 END) AS pan_missing_cases
 FROM tds_entries
)
SELECT
 'FY 2025-26' AS return_period,
 total_tds_deducted,
 total_tds_paid,
 balance_payable,
 transaction_count,
 deductee_count,
 pan_missing_cases,
 0 AS uncertain_transactions,
 0 AS late_fee
FROM summary;"
G149,Audit trail summary,"SELECT
 ml.name AS tds_section,
 SUM(ta.amount) AS total_tds,
 COUNT(DISTINCT tv.guid) AS voucher_count
FROM trn_voucher tv
JOIN trn_accounting ta ON tv.guid = ta.guid
JOIN mst_ledger ml ON ta._ledger = ml.guid
JOIN mst_group mg ON ml._parent = mg.guid
WHERE tv.date BETWEEN '2022-04-01' AND '2023-03-31'
 -- 🔥 Identify TDS ledgers
 AND LOWER(ml.name) LIKE '%tds%'
 AND mg.primary_group IN ('Duties & Taxes')
GROUP BY ml.name
HAVING SUM(ABS(ta.amount)) > 0
ORDER BY total_tds DESC;"
G150,What is my creditor aging?,"SELECT
 tv.date,
 vt.name AS voucher_type,
 tv.voucher_number,
 tv.party_name,
 tv.reference_number,
 dup.duplicate_count
FROM trn_voucher tv
JOIN mst_vouchertype vt
 ON tv._voucher_type = vt.guid
JOIN (
 /* Find document/reference numbers used in vouchers dated 02-02-2026,
 then check if same number exists multiple times in all dates */
 SELECT
 reference_number,
 COUNT(*) AS duplicate_count
 FROM trn_voucher
 WHERE reference_number IN (
 SELECT DISTINCT reference_number
 FROM trn_voucher
 WHERE date = '2025-08-13'
 -- AND COALESCE(reference_number,'') <> ''
 )
 GROUP BY reference_number
 HAVING COUNT(*) > 1
) dup
 ON tv.reference_number = dup.reference_number
ORDER BY
 tv.reference_number,
 tv.date,
 tv.voucher_number;"
G151,Total contra entry will value,"SELECT v.date, v.voucher_type, v.voucher_number, v.party_name, l.name AS ledger_name, a.amount, CASE WHEN a.amount > 0 THEN ABS(a.amount) ELSE 0 END AS credit_amount, CASE WHEN a.amount < 0 THEN ABS(a.amount) ELSE 0 END AS debit_amount FROM trn_voucher v INNER JOIN trn_accounting a ON v.guid = a.guid INNER JOIN mst_ledger l ON a._ledger = l.guid WHERE (l.name ILIKE '%round%off%' OR l.name ILIKE '%rounding%') AND v.date BETWEEN '2021-03-01' AND '2021-03-31' AND v.is_order_voucher = 0 AND v.is_inventory_voucher = 0 ORDER BY v.date DESC, v.voucher_number;"
G152,Which cheques are pending clearance?,"WITH voucher_base AS (
 SELECT
 tv.guid,
 LOWER(mvt.name) AS voucher_type,
 -- correct alterid handling
 CASE
 WHEN tv.alterid IS NULL OR tv.alterid >= 1 THEN 0
 ELSE tv.alterid - 1
 END AS version_count,
 -- altered flag
 CASE
 WHEN tv.alterid > 1 THEN 1
 ELSE 0
 END AS is_altered
 FROM trn_voucher tv
 JOIN mst_vouchertype mvt
 ON tv._voucher_type = mvt.guid
 WHERE
 tv.date BETWEEN DATE '2025-04-01' AND DATE '2026-03-31'
 -- 🚫 exclude migration (important)
 AND LOWER(COALESCE(tv.voucher_number, '')) NOT LIKE '%migration%'
 AND LOWER(COALESCE(tv.narration, '')) NOT LIKE '%migration%'
),
deleted_map AS (
 SELECT DISTINCT guid FROM _delete
)
SELECT
 vb.voucher_type,
 -- Altered (Deleted)
 COUNT(DISTINCT CASE WHEN vb.is_altered = 1 THEN vb.guid END)
 || ' (' ||
 COUNT(DISTINCT CASE WHEN dm.guid IS NOT NULL THEN vb.guid END)
 || ')' AS ""Altered (Deleted)"",
 -- ✅ FIXED VERSION LOGIC
 SUM(vb.version_count) AS ""Versions""
FROM voucher_base vb
LEFT JOIN deleted_map dm
 ON vb.guid = dm.guid
GROUP BY vb.voucher_type
ORDER BY SUM(vb.version_count) DESC;"
G153,Which invoices are due today?,"WITH BillNetAmounts AS ( SELECT tb._ledger, tb.name AS bill_reference_name, SUM(tb.amount) AS net_bill_amount FROM trn_bill tb GROUP BY tb._ledger, tb.name HAVING SUM(tb.amount) > 0 ), BillOriginalDates AS ( SELECT DISTINCT ON (tb._ledger, tb.name) tb._ledger, tb.name AS bill_reference_name, tv.date AS original_bill_date FROM trn_bill tb JOIN trn_voucher tv ON tb.guid = tv.guid WHERE tb.billtype = 'New Ref' AND tv.is_order_voucher = 0 AND tv.is_inventory_voucher = 0 ORDER BY tb._ledger, tb.name, tv.date ASC ) SELECT ml.name AS creditor_name, SUM(CASE WHEN (DATE '2026-03-31' - bod.original_bill_date) <= 30 THEN bna.net_bill_amount ELSE 0 END) AS ""0-30 Days"", SUM(CASE WHEN (DATE '2026-03-31' - bod.original_bill_date) > 30 AND (DATE '2026-03-31' - bod.original_bill_date) <= 60 THEN bna.net_bill_amount ELSE 0 END) AS ""31-60 Days"", SUM(CASE WHEN (DATE '2026-03-31' - bod.original_bill_date) > 60 AND (DATE '2026-03-31' - bod.original_bill_date) <= 90 THEN bna.net_bill_amount ELSE 0 END) AS ""61-90 Days"", SUM(CASE WHEN (DATE '2026-03-31' - bod.original_bill_date) > 90 THEN bna.net_bill_amount ELSE 0 END) AS ""Over 90 Days"", SUM(bna.net_bill_amount) AS total_outstanding FROM BillNetAmounts bna JOIN BillOriginalDates bod ON bna._ledger = bod._ledger AND bna.bill_reference_name = bod.bill_reference_name JOIN mst_ledger ml ON bna._ledger = ml.guid JOIN mst_group mg ON ml._parent = mg.guid WHERE mg.primary_group = 'Sundry Creditors' GROUP BY ml.name ORDER BY ml.name;"
G154,Which customers delayed beyond 30 days?,"WITH contra_entries AS (
 SELECT
 tv.date,
 vt.name AS voucher_type,
 tv.voucher_number,
 /* Party / Bank ledger */
 COALESCE(NULLIF(tv.party_name,''),'Unknown') AS particulars,
 /* Tally display style */
 ROUND(SUM(
 CASE
 WHEN ta.amount > 0 THEN ta.amount
 ELSE 0
 END
 ),2) AS debit_amount,
 ROUND(SUM(
 CASE
 WHEN ta.amount < 0 THEN ABS(ta.amount)
 ELSE 0
 END
 ),2) AS credit_amount
 FROM trn_voucher tv
 JOIN mst_vouchertype vt
 ON tv._voucher_type = vt.guid
 JOIN trn_accounting ta
 ON ta.guid = tv.guid
 WHERE tv.date BETWEEN '2025-04-01' AND '2026-03-31'
 AND LOWER(vt.name) LIKE '%contra%'
 GROUP BY
 tv.date,
 vt.name,
 tv.voucher_number,
 tv.party_name
)
SELECT
 date,
 particulars,
 voucher_type,
 voucher_number,
 debit_amount,
 credit_amount
FROM contra_entries
UNION ALL
SELECT
 NULL,
 'TOTAL',
 NULL,
 NULL,
 ROUND(SUM(debit_amount),2),
 ROUND(SUM(credit_amount),2)
FROM contra_entries
ORDER BY date NULLS LAST, voucher_number;"
G155,Who are top 5 pending payment customers?,"SELECT
 COALESCE(NULLIF(tb.bank_name,''), ml.name) AS bank_name,
 COUNT(*) AS pending_cheques,
 ROUND(SUM(ABS(tb.amount)),2) AS pending_amount,
 MIN(tb.instrument_date) AS oldest_cheque_date,
 MAX(tb.instrument_date) AS latest_cheque_date
FROM trn_bank tb
LEFT JOIN mst_ledger ml
 ON tb._ledger = ml.guid
WHERE COALESCE(tb.instrument_number,'') <> ''
 AND tb.bankers_date IS NULL
GROUP BY COALESCE(NULLIF(tb.bank_name,''), ml.name)
UNION ALL
SELECT
 'TOTAL',
 COUNT(*),
 ROUND(SUM(ABS(tb.amount)),2),
 MIN(tb.instrument_date),
 MAX(tb.instrument_date)
FROM trn_bank tb
WHERE COALESCE(tb.instrument_number,'') <> ''
 AND tb.bankers_date IS NULL
ORDER BY 1;"
G156,What is today's stock value?,"SELECT v.date AS invoice_date, v.voucher_type, v.voucher_number, v.reference_number, b.ledger AS party_name, b.name AS bill_name, CASE WHEN b.amount < 0 THEN ABS(b.amount) ELSE 0 END AS debit_amount, CASE WHEN b.amount > 0 THEN ABS(b.amount) ELSE 0 END AS credit_amount, b.bill_credit_period, (v.date + INTERVAL '1 day' * b.bill_credit_period) AS due_date FROM trn_bill b INNER JOIN trn_voucher v ON b.guid = v.guid WHERE (v.date + INTERVAL '1 day' * b.bill_credit_period) = '2025-04-01' AND v.is_order_voucher = 0 AND v.is_accounting_voucher = 1 AND b.amount != 0 ORDER BY v.date, v.voucher_number"
G157,How many sales invoices created today?,"SELECT ml.name AS customer_name, ml.mobile, ml.email, ml.mailing_state, tb.name AS bill_number, tv.date AS bill_date, tv.voucher_number, CASE WHEN tb.amount < 0 THEN ABS(tb.amount) ELSE 0 END AS debit_amount, CASE WHEN tb.amount > 0 THEN ABS(tb.amount) ELSE 0 END AS credit_amount, ('2026-04-20'::date - tv.date) AS days_delayed FROM trn_bill tb JOIN trn_voucher tv ON tb.guid = tv.guid JOIN mst_ledger ml ON tb._ledger = ml.guid JOIN mst_group mg ON ml._parent = mg.guid WHERE mg.primary_group = 'Sundry Debtors' AND tv.is_order_voucher = 0 AND tv.is_inventory_voucher = 0 AND ('2026-04-20'::date - tv.date) > 30 AND tb.amount < 0 ORDER BY days_delayed DESC, ml.name;"
G158,What is today's average order value?,"SELECT ml.name AS customer_name, CASE WHEN ml.closing_balance > 0 THEN ABS(ml.closing_balance) ELSE 0 END AS credit_balance, CASE WHEN ml.closing_balance < 0 THEN ABS(ml.closing_balance) ELSE 0 END AS debit_balance FROM mst_ledger AS ml JOIN mst_group AS mg ON ml._parent = mg.guid WHERE mg.primary_group = 'Sundry Debtors' AND ml.closing_balance < 0 ORDER BY ABS(ml.closing_balance) DESC LIMIT 5;"
G159,Which products sold the most today?,"SELECT
 si.parent AS stock_group,
 SUM(ti.quantity) AS closing_qty,
 SUM(ti.amount) AS closing_value
FROM trn_inventory ti
JOIN trn_voucher tv
 ON ti.guid = tv.guid
JOIN mst_stock_item si
 ON ti._item = si.guid
WHERE (tv.date >= '2025-04-01' AND tv.date <= '2026-03-31')
 AND tv.is_order_voucher = 0
 AND tv.is_inventory_voucher = 0
GROUP BY si.parent
HAVING SUM(ti.quantity) <> 0
ORDER BY si.parent;"
G160,Which customers bought today?,SELECT COUNT(DISTINCT tv.guid) AS total_sales_invoices FROM trn_voucher tv JOIN mst_vouchertype mv ON tv._voucher_type = mv.guid WHERE tv.date = '2025-07-17' AND tv.is_invoice = 1 AND mv.parent = 'Sales' AND tv.is_order_voucher = 0 AND tv.is_inventory_voucher = 0;
G161,What is today's discount given and received?,"SELECT COALESCE(SUM(ti.amount) / NULLIF(COUNT(DISTINCT tv.guid), 0), 0) AS average_order_value FROM trn_voucher tv INNER JOIN mst_vouchertype mvt ON tv._voucher_type = mvt.guid INNER JOIN trn_inventory ti ON tv.guid = ti.guid WHERE tv.date = '2026-03-02' AND mvt.parent IN ('Sales', 'Sales Order') AND tv.is_order_voucher = 0 AND tv.is_inventory_voucher = 0"
G162,What purchases were made today?,"SELECT msi.name AS product_name, SUM(ABS(ti.quantity)) AS total_quantity_sold FROM trn_inventory AS ti JOIN trn_voucher AS tv ON ti.guid = tv.guid JOIN mst_stock_item AS msi ON ti._item = msi.guid WHERE tv.date = '2025-07-17' AND ti.quantity < 0 GROUP BY msi.name ORDER BY total_quantity_sold DESC;"
G163,Which supplier delivered today?,"SELECT DISTINCT ml.name AS customer_name, ml.mailing_address, ml.mobile, ml.email, tv.voucher_number, tv.voucher_type, tv.reference_number FROM trn_voucher tv JOIN mst_ledger ml ON tv._party_name = ml.guid JOIN mst_group mg ON ml._parent = mg.guid JOIN mst_vouchertype mvt ON tv._voucher_type = mvt.guid WHERE tv.date = '2025-09-06' AND mg.primary_group = 'Sundry Debtors' AND mvt.parent IN ('Sales', 'Sales Order') AND tv.is_order_voucher = 0 AND tv.is_inventory_voucher = 0 ORDER BY ml.name, tv.voucher_number;"
G164,Any pending purchase orders?,"WITH today_vouchers AS (
 SELECT
 tv.guid,
 tv.date,
 tv.voucher_number,
 tv.party_name
 FROM trn_voucher tv
 WHERE tv.date >= '2025-04-01'
),
-- Discount Ledger Entries
ledger_discount AS (
 SELECT
 ta.guid,
 ml.name AS discount_ledger,
 CASE
 WHEN ta.amount < 0 THEN ABS(ta.amount)
 ELSE 0
 END AS debit_amount,
 CASE
 WHEN ta.amount > 0 THEN ta.amount
 ELSE 0
 END AS credit_amount
 FROM trn_accounting ta
 JOIN mst_ledger ml
 ON ta._ledger = ml.guid
 WHERE LOWER(ml.name) LIKE '%discount%'
)
SELECT
 tv.date,
 tv.voucher_number,
 tv.party_name,
 ld.discount_ledger,
 ld.debit_amount AS discount_given,
 ld.credit_amount AS discount_received
FROM today_vouchers tv
LEFT JOIN ledger_discount ld
 ON tv.guid = ld.guid
WHERE
 COALESCE(ld.debit_amount, 0) <> 0
 OR COALESCE(ld.credit_amount, 0) <> 0
ORDER BY tv.date, tv.voucher_number;"
G165,What is today's purchase value?,"SELECT tv.voucher_number, tv.party_name, SUM(ABS(ta.amount)) AS total_purchase_value FROM trn_voucher tv JOIN trn_accounting ta ON tv.guid = ta.guid JOIN mst_vouchertype mvt ON tv._voucher_type = mvt.guid JOIN mst_ledger ml ON ta._ledger = ml.guid JOIN mst_group mg ON ml._parent = mg.guid WHERE tv.date = '2025-05-15' AND mvt.parent = 'Purchase' AND tv.is_order_voucher = 0 AND tv.is_inventory_voucher = 0 AND mg.name = 'Purchase Accounts' AND ta.amount < 0 GROUP BY tv.guid, tv.voucher_number, tv.party_name ORDER BY tv.voucher_number;"
G166,Any price increase from suppliers?,"SELECT
 ml.name AS supplier_name,
 si.name AS item_name,
 SUM(ti.quantity) AS inward_quantity
FROM trn_inventory ti
JOIN trn_voucher tv
 ON ti.guid = tv.guid
JOIN mst_stock_item si
 ON ti._item = si.guid
JOIN trn_accounting ta
 ON tv.guid = ta.guid
JOIN mst_ledger ml
 ON ta._ledger = ml.guid
JOIN mst_group mg
 ON ml._parent = mg.guid
WHERE
 tv.date = '2025-12-19'
 AND ti.quantity > 0
 AND LOWER(mg.primary_group) = 'sundry creditors'
GROUP BY ml.name, si.name
ORDER BY ml.name, si.name;"
G167,Any purchase return today?,"WITH OrderedItems AS ( SELECT tv.voucher_number AS po_voucher_number, tv.date AS po_date, tv.party_name AS po_party_name, ti._item AS item_guid, mst_si.name AS item_name, SUM(ti.quantity) AS ordered_quantity, MAX(ti.order_duedate) AS order_duedate FROM trn_voucher tv JOIN mst_vouchertype mvt ON tv._voucher_type = mvt.guid JOIN trn_inventory ti ON tv.guid = ti.guid JOIN mst_stock_item mst_si ON ti._item = mst_si.guid WHERE mvt.parent = 'Purchase Order' AND tv.is_order_voucher = 1 AND tv.date BETWEEN '2025-04-01' AND '2026-05-30'
 -- AND mst_si.name = '28G11A0'
 GROUP BY tv.voucher_number, tv.date, tv.party_name, ti._item, mst_si.name ), ReceivedItems AS ( SELECT ti.order_number AS po_voucher_number, ti._item AS item_guid, SUM(ti.quantity) AS received_quantity FROM trn_voucher tv JOIN mst_vouchertype mvt ON tv._voucher_type = mvt.guid JOIN trn_inventory ti ON tv.guid = ti.guid WHERE mvt.parent = 'Receipt Note' AND tv.is_inventory_voucher = 1 AND tv.date BETWEEN '2025-04-01' AND '2026-03-31' GROUP BY ti.order_number, ti._item ) SELECT oi.po_voucher_number, oi.po_date, oi.po_party_name, oi.item_name, oi.ordered_quantity, COALESCE(ri.received_quantity, 0) AS received_quantity, (oi.ordered_quantity - COALESCE(ri.received_quantity, 0)) AS pending_quantity, oi.order_duedate FROM OrderedItems oi LEFT JOIN ReceivedItems ri ON oi.po_voucher_number = ri.po_voucher_number AND oi.item_guid = ri.item_guid WHERE (oi.ordered_quantity - COALESCE(ri.received_quantity, 0)) > 0 ORDER BY oi.po_date ASC, oi.po_voucher_number, oi.item_name;"
G168,What is today's inward stock summary?,SELECT SUM(ABS(ta.amount)) FROM trn_accounting AS ta JOIN trn_voucher AS tv ON ta.guid = tv.guid JOIN mst_vouchertype AS mvt ON tv._voucher_type = mvt.guid WHERE tv.date = '2025-07-17' AND mvt.parent = 'Purchase' AND tv.is_order_voucher = 0 AND tv.is_inventory_voucher = 0 AND ta.amount < 0;
G169,What expenses happened today?,"WITH purchase_data AS (
 SELECT
 ml.name AS supplier_name,
 si.name AS item_name,
 tv.date,
 ti.rate,
 LAG(ti.rate) OVER (
 PARTITION BY ml.guid, si.guid
 ORDER BY tv.date
 ) AS previous_rate
 FROM trn_inventory ti
 JOIN trn_voucher tv
 ON ti.guid = tv.guid
 JOIN mst_vouchertype vt
 ON tv._voucher_type = vt.guid
 JOIN mst_stock_item si
 ON ti._item = si.guid
 JOIN trn_accounting ta
 ON tv.guid = ta.guid
 JOIN mst_ledger ml
 ON ta._ledger = ml.guid
 JOIN mst_group mg
 ON ml._parent = mg.guid
 WHERE
 LOWER(vt.name) = 'purchase'
 AND ti.quantity > 0
 AND LOWER(mg.primary_group) = 'sundry creditors'
)
SELECT
 supplier_name,
 item_name,
 date,
 previous_rate,
 rate AS current_rate,
 (rate - previous_rate) AS increase_amount
FROM purchase_data
WHERE
 previous_rate IS NOT NULL
 AND rate > previous_rate
 AND item_name LIKE '%3M MASKING TAPE (24MM X 50MTR)%'
ORDER BY supplier_name, item_name, date;"
G170,What is today's salary payout?,"SELECT
 tv.date,
 vt.name AS voucher_type,
 tv.voucher_number,
 tv.party_name,
 ABS(SUM(
 CASE
 WHEN ta.amount < 0 THEN ta.amount
 ELSE 0
 END
 )) AS amount
FROM trn_voucher tv
JOIN mst_vouchertype vt
 ON tv._voucher_type = vt.guid
JOIN trn_accounting ta
 ON tv.guid = ta.guid
WHERE
 tv.date >= '2026-02-01'
 AND tv.date < '2026-03-01'
 AND (
 LOWER(vt.name) LIKE '%debit note%'
 OR LOWER(vt.parent) LIKE '%purchase return%'
 )
GROUP BY
 tv.date,
 vt.name,
 tv.voucher_number,
 tv.party_name
ORDER BY
 tv.date,
 tv.voucher_number;"
G171,Any advance given to employees today?,SELECT SUM(ti.quantity) AS total_inward_quantity FROM trn_inventory AS ti JOIN trn_voucher AS tv ON ti.guid = tv.guid WHERE tv.date = '2025-07-17' AND ti.quantity > 0;
G172,Daily petty cash summary,"SELECT v.date, v.voucher_type, v.voucher_number, l.name AS ledger_name, l.parent AS ledger_group, CASE WHEN a.amount < 0 THEN ABS(a.amount) ELSE 0 END AS debit_amount, CASE WHEN a.amount > 0 THEN ABS(a.amount) ELSE 0 END AS credit_amount, v.narration FROM trn_voucher v JOIN trn_accounting a ON v.guid = a.guid JOIN mst_ledger l ON a._ledger = l.guid JOIN mst_group g ON l._parent = g.guid WHERE v.date = '2025-07-17' AND v.is_order_voucher = 0 AND v.is_inventory_voucher = 0 AND g.primary_group IN ('Direct Expenses', 'Indirect Expenses', 'Purchase Accounts') ORDER BY v.voucher_number, l.name;"
G173,Who spent highest amount today?,"SELECT
 tv.date,
 vt.name AS voucher_type,
 ml.name AS ledger_name,
 ROUND(SUM(
 CASE
 WHEN ta.amount < 0 THEN ABS(ta.amount)
 ELSE ta.amount
 END
 ),2) AS salary_payout
FROM trn_accounting ta
JOIN trn_voucher tv
 ON ta.guid = tv.guid
JOIN mst_vouchertype vt
 ON tv._voucher_type = vt.guid
JOIN mst_ledger ml
 ON ta._ledger = ml.guid
WHERE tv.date = '2026-03-31'
AND LOWER(ml.name) LIKE '%payble%'
GROUP BY tv.date, vt.name, ml.name
ORDER BY salary_payout DESC;"
G174,What is today's operational cost?,"SELECT
 tv.date,
 vt.name AS voucher_type,
 ml.name AS ledger_name,
 ROUND(SUM(ABS(ta.amount)),2) AS advance_amount
FROM trn_accounting ta
JOIN trn_voucher tv
 ON ta.guid = tv.guid
JOIN mst_vouchertype vt
 ON tv._voucher_type = vt.guid
JOIN mst_ledger ml
 ON ta._ledger = ml.guid
WHERE tv.date = '2026-01-23'
AND (
 LOWER(vt.name) IN ('payment','journal','contra')
 OR LOWER(ml.name) LIKE '%advance%'
 OR LOWER(ml.name) LIKE '%employee%'
 OR LOWER(ml.name) LIKE '%staff%'
 OR LOWER(ml.name) LIKE '%salary advance%'
)
GROUP BY
 tv.date,
 vt.name,
 ml.name
HAVING SUM(ABS(ta.amount)) > 0
ORDER BY advance_amount DESC;"
G175,Which bank transactions happened today?,"WITH petty_rows AS (
 SELECT
 tv.date,
 ml.name AS ledger_name,
 vt.name AS voucher_type,
 ta.amount
 FROM trn_accounting ta
 JOIN trn_voucher tv
 ON ta.guid = tv.guid
 JOIN mst_vouchertype vt
 ON tv._voucher_type = vt.guid
 JOIN mst_ledger ml
 ON ta._ledger = ml.guid
 WHERE tv.date BETWEEN '2025-04-01' AND '2026-03-31'
 AND (
 LOWER(ml.name) LIKE '%petty cash%'
 OR LOWER(vt.name) LIKE '%petty cash%'
 )
),
daily AS (
 SELECT
 date,
 ROUND(SUM(
 CASE
 WHEN amount < 0 THEN ABS(amount)
 ELSE 0
 END
 ),2) AS debit,
 ROUND(SUM(
 CASE
 WHEN amount > 0 THEN amount
 ELSE 0
 END
 ),2) AS credit,
 SUM(amount) AS net_amt
 FROM petty_rows
 GROUP BY date
)
SELECT
 date,
 debit,
 credit,
 ROUND(
 SUM(net_amt) OVER (
 ORDER BY date
 ROWS UNBOUNDED PRECEDING
 ),2
 ) AS closing_balance
FROM daily
ORDER BY date;"
G176,Which deposits cleared today?,"SELECT
 tv.party_name,
 SUM(ABS(ta.amount)) AS total_spent
FROM
 trn_voucher AS tv
JOIN
 trn_accounting AS ta ON tv.guid = ta.guid
WHERE
 tv.date = '2020-07-17'
 AND tv.voucher_type IN ('Payment')
 AND ta.amount < 0
 AND (tv.is_order_voucher = 0)
 AND (tv.is_inventory_voucher = 0)
GROUP BY
 tv.party_name
ORDER BY
 total_spent DESC
LIMIT 1;"
G177,Which month had highest sales?,"SELECT l.name AS ledger_name, l.parent AS group_name, CASE WHEN SUM(a.amount) > 0 THEN ABS(SUM(a.amount)) ELSE 0 END AS credit_amount, CASE WHEN SUM(a.amount) < 0 THEN ABS(SUM(a.amount)) ELSE 0 END AS debit_amount FROM trn_voucher v JOIN trn_accounting a ON v.guid = a.guid JOIN mst_ledger l ON a._ledger = l.guid JOIN mst_group g ON l._parent = g.guid WHERE v.date = '2025-07-17' AND v.is_order_voucher = 0 AND v.is_inventory_voucher = 0 AND g.primary_group IN ('Direct Expenses', 'Indirect Expenses', 'Purchase Accounts') GROUP BY l.name, l.parent ORDER BY l.parent, l.name;"
G178,What is my sales growth rate?,"SELECT tv.date, tb.ledger, tb.transaction_type, tb.instrument_number, tb.amount FROM trn_bank tb JOIN trn_voucher tv ON tb.guid = tv.guid WHERE tv.date = '2026-01-05';"
G179,Which product contributes most revenue?,"SELECT
 tb.bankers_date AS cleared_date,
 tv.date AS voucher_date,
 vt.name AS voucher_type,
 tv.voucher_number,
 tv.party_name,
 tb.ledger AS bank_ledger,
 tb.instrument_number,
 tb.instrument_date,
 ABS(tb.amount) AS amount
FROM trn_bank tb
JOIN trn_voucher tv
 ON tb.guid = tv.guid
LEFT JOIN mst_vouchertype vt
 ON tv._voucher_type = vt.guid
WHERE
 tb.bankers_date = '2025-04-02'
 AND (
 LOWER(vt.name) LIKE '%receipt%'
 OR LOWER(tb.transaction_type) LIKE '%neft%'
 OR LOWER(tb.transaction_type) LIKE '%deposit%'
 OR LOWER(tb.transaction_type) LIKE '%transfer%'
 )
ORDER BY tv.voucher_number;"
G180,What are my total expenses this month?,"SELECT
 EXTRACT(YEAR FROM v.date) AS sales_year,
 EXTRACT(MONTH FROM v.date) AS sales_month,
 SUM(a.amount) AS total_sales
FROM
 trn_accounting a
JOIN
 trn_voucher v
 ON a.guid = v.guid
JOIN
 mst_ledger l
 ON a._ledger = l.guid
JOIN
 mst_group g
 ON l._parent = g.guid
WHERE
 g.primary_group = 'Sales Accounts'
 AND v.is_order_voucher = 0
 AND v.is_inventory_voucher = 0
 AND v.date BETWEEN '2025-04-01' AND '2026-04-18'
GROUP BY
 EXTRACT(YEAR FROM v.date),
 EXTRACT(MONTH FROM v.date)
ORDER BY
 total_sales DESC
LIMIT 1;"
G181,Compare expenses month-on-month,"WITH monthly_sales AS
(
 SELECT
 EXTRACT(YEAR FROM v.date) AS sales_year,
 EXTRACT(MONTH FROM v.date) AS sales_month,
 TO_CHAR(v.date, 'Month') AS month_name,
 SUM(ABS(a.amount)) AS total_sales
 FROM
 trn_voucher v
 JOIN
 trn_accounting a
 ON v.guid = a.guid
 JOIN
 mst_vouchertype vt
 ON v._voucher_type = vt.guid
 JOIN
 mst_ledger l
 ON a._ledger = l.guid
 JOIN
 mst_group g
 ON l._parent = g.guid
 WHERE
 vt.name IN ('Sales', 'Sales Invoice')
 AND v.is_order_voucher = 0
 AND v.is_inventory_voucher = 0
 AND g.primary_group = 'Sales Accounts'
 AND EXTRACT(MONTH FROM v.date) IN (10, 11)
 AND v.date BETWEEN '2024-04-01' AND '2026-03-31'
 GROUP BY
 EXTRACT(YEAR FROM v.date),
 EXTRACT(MONTH FROM v.date),
 TO_CHAR(v.date, 'Month')
)
SELECT
 sales_year,
 TRIM(month_name) AS month_name,
 total_sales,
 LAG(total_sales)
 OVER (ORDER BY sales_year, sales_month) AS previous_month_sales,
 ROUND(
 (
 (
 total_sales
 - LAG(total_sales)
 OVER (ORDER BY sales_year, sales_month)
 )
 /
 NULLIF(
 LAG(total_sales)
 OVER (ORDER BY sales_year, sales_month),
 0
 )
 ) * 100,
 2
 ) AS growth_rate_percentage
FROM
 monthly_sales
ORDER BY
 sales_year,
 sales_month;"
G182,Which expense is highest?,"SELECT
 msi.name AS product_name,
 SUM(
 CASE
 WHEN tv.date BETWEEN '2025-04-01' AND '2026-03-31'
 THEN ABS(ti.amount)
 ELSE 0
 END
 ) AS revenue_2025_26,
 SUM(
 CASE
 WHEN tv.date BETWEEN '2024-04-01' AND '2025-03-31'
 THEN ABS(ti.amount)
 ELSE 0
 END
 ) AS revenue_2024_25,
 SUM(
 CASE
 WHEN tv.date BETWEEN '2024-04-01' AND '2026-03-31'
 THEN ABS(ti.amount)
 ELSE 0
 END
 ) AS revenue_2024_25_and_2025_26,
 SUM(ABS(ti.amount)) AS revenue_all_years
FROM
 trn_inventory ti
JOIN
 mst_stock_item msi
 ON ti._item = msi.guid
JOIN
 trn_voucher tv
 ON ti.guid = tv.guid
WHERE
 ti.quantity < 0
 AND tv.is_order_voucher = 0
GROUP BY
 msi.name
ORDER BY
 revenue_all_years DESC
LIMIT 1;"
G183,What are my fixed expenses?,"SELECT
 ROUND(
 SUM(ABS(ta.amount)),
 2
 ) AS total_expenses
FROM
 trn_accounting ta
JOIN
 trn_voucher tv
 ON ta.guid = tv.guid
JOIN
 mst_ledger ml
 ON ta._ledger = ml.guid
JOIN
 mst_group mg
 ON ml._parent = mg.guid
WHERE
 tv.date BETWEEN '2025-07-01' AND '2025-07-31'
 AND tv.is_order_voucher = 0
 AND tv.is_inventory_voucher = 0
 AND ta.amount < 0
 AND mg.primary_group IN
 (
 'Direct Expenses',
 'Indirect Expenses'
 );"
G184,What is my total liquidity?,"WITH tblDateList AS
(
 SELECT
 generate_series(
 DATE '2024-04-01',
 DATE '2026-05-30',
 INTERVAL '1 month'
 )::date AS value
),
tblYearMonthList AS
(
 SELECT
 EXTRACT(YEAR FROM value)::INT AS year,
 EXTRACT(MONTH FROM value)::INT AS month,
 TO_CHAR(value, 'YYYY-MM') AS year_month_str
 FROM
 tblDateList
),
tblMonthlyExpenses AS
(
 SELECT
 EXTRACT(YEAR FROM tv.date)::INT AS year,
 EXTRACT(MONTH FROM tv.date)::INT AS month,
 TO_CHAR(tv.date, 'YYYY-MM') AS year_month_str,
 SUM(ABS(ta.amount)) AS total_expense_amount
 FROM
 trn_accounting ta
 JOIN
 trn_voucher tv
 ON ta.guid = tv.guid
 JOIN
 mst_ledger ml
 ON ta._ledger = ml.guid
 JOIN
 mst_group mg
 ON ml._parent = mg.guid
 WHERE
 tv.is_order_voucher = 0
 AND tv.is_inventory_voucher = 0
 AND ta.amount < 0
 AND mg.primary_group IN
 (
 'Direct Expenses',
 'Indirect Expenses'
 )
 AND tv.date BETWEEN DATE '2025-04-01'
 AND DATE '2026-05-30'
 GROUP BY
 EXTRACT(YEAR FROM tv.date),
 EXTRACT(MONTH FROM tv.date),
 TO_CHAR(tv.date, 'YYYY-MM')
)
SELECT
 yml.year_month_str,
 ROUND(
 COALESCE(tme.total_expense_amount, 0),
 2
 ) AS total_expense_amount
FROM
 tblYearMonthList yml
LEFT JOIN
 tblMonthlyExpenses tme
 ON yml.year_month_str = tme.year_month_str
ORDER BY
 yml.year,
 yml.month;"
G185,Show me all bank transactions,"SELECT
 ml.name AS expense_ledger_name,
 ROUND(
 ABS(SUM(ta.amount)),
 2
 ) AS total_expense_amount
FROM
 trn_accounting ta
JOIN
 trn_voucher tv
 ON ta.guid = tv.guid
JOIN
 mst_ledger ml
 ON ta._ledger = ml.guid
JOIN
 mst_group mg
 ON ml._parent = mg.guid
WHERE
 tv.is_order_voucher = 0
 AND tv.is_inventory_voucher = 0
 AND tv.date BETWEEN '2025-04-01'
 AND '2026-05-30'
 AND ta.amount < 0
 AND mg.primary_group IN
 (
 'Direct Expenses',
 'Indirect Expenses'
 )
GROUP BY
 ml.name
ORDER BY
 total_expense_amount DESC
LIMIT 1;"
G186,Show me all cash transactions,"SELECT
 ml.name AS expense_ledger_name,
 ROUND(
 CASE
 WHEN SUM(ta.amount) < 0
 THEN ABS(SUM(ta.amount))
 ELSE 0
 END,
 2
 ) AS debit_balance,
 ROUND(
 CASE
 WHEN SUM(ta.amount) > 0
 THEN ABS(SUM(ta.amount))
 ELSE 0
 END,
 2
 ) AS credit_balance
FROM
 trn_accounting ta
JOIN
 trn_voucher tv
 ON ta.guid = tv.guid
JOIN
 mst_ledger ml
 ON ta._ledger = ml.guid
JOIN
 mst_group mg
 ON ml._parent = mg.guid
WHERE
 tv.is_order_voucher = 0
 AND tv.is_inventory_voucher = 0
 AND mg.primary_group = 'Indirect Expenses'
 AND tv.date BETWEEN '2024-04-01'
 AND '2026-03-31'
GROUP BY
 ml.name
HAVING
 SUM(ta.amount) <> 0
ORDER BY
 debit_balance DESC;"
G187,What are the customer receivables(outstanding_amount)?,"SELECT
 ROUND(
 CASE
 WHEN SUM(l.closing_balance) > 0
 THEN ABS(SUM(l.closing_balance))
 ELSE 0
 END,
 2
 ) AS credit_balance,
 ROUND(
 CASE
 WHEN SUM(l.closing_balance) < 0
 THEN ABS(SUM(l.closing_balance))
 ELSE 0
 END,
 2
 ) AS debit_balance
FROM
 mst_ledger l
JOIN
 mst_group g
 ON l._parent = g.guid
WHERE
 g.primary_group IN
 (
 'Cash-in-Hand',
 'Bank Accounts'
 );"
G188,Which customers are high risk based on overdue receivables?,"SELECT
 v.date,
 v.voucher_number,
 vt.name AS voucher_type,
 l.name AS bank_ledger_name,
 b.transaction_type,
 b.instrument_date,
 b.instrument_number,
 b.bank_name,
 CASE
 WHEN LOWER(b.transaction_type) NOT IN ('deposit', 'receipt')
 THEN b.amount
 ELSE 0
 END AS debit_amount,
 CASE
 WHEN LOWER(b.transaction_type) IN ('deposit', 'receipt')
 THEN b.amount
 ELSE 0
 END AS credit_amount,
 v.narration
FROM trn_bank b
JOIN trn_voucher v
 ON v.guid = b.guid
LEFT JOIN mst_ledger l
 ON l.guid = b._ledger
LEFT JOIN mst_vouchertype vt
 ON vt.guid = v._voucher_type
WHERE
 v.is_order_voucher = 0
 AND v.is_inventory_voucher = 0
 AND v.is_accounting_voucher = 1
 AND v.date BETWEEN '2025-04-01' AND '2026-03-31'
ORDER BY
 v.date,
 v.voucher_number;"
G189,Which customer invoices are overdue?,"WITH tblCashLedgerTransactions AS (
 SELECT
 v.guid,
 v.date,
 v.voucher_number,
 v.voucher_type,
 v.narration,
 a.amount AS cash_amount,
 ml.name AS cash_ledger_name
 FROM trn_accounting a
 INNER JOIN trn_voucher v
 ON v.guid = a.guid
 INNER JOIN mst_ledger ml
 ON a._ledger = ml.guid
 INNER JOIN mst_group mg
 ON ml._parent = mg.guid
 WHERE
 LOWER(TRIM(mg.primary_group)) = 'cash-in-hand'
 AND v.is_order_voucher = 0
 AND v.is_inventory_voucher = 0
 AND v.is_accounting_voucher = 1
 AND v.date BETWEEN '2024-04-01' AND '2026-03-31'
),
tblAllLedgersPerVoucher AS (
 SELECT
 ta.guid,
 ml.name AS ledger_name
 FROM trn_accounting ta
 INNER JOIN mst_ledger ml
 ON ta._ledger = ml.guid
)
SELECT
 clt.date,
 clt.voucher_number,
 clt.voucher_type,
 clt.cash_ledger_name,
 STRING_AGG(
 DISTINCT talpv.ledger_name,
 ', '
 ) FILTER (
 WHERE talpv.ledger_name <> clt.cash_ledger_name
 ) AS counter_ledgers,
 CASE
 WHEN clt.cash_amount < 0
 THEN ABS(clt.cash_amount)
 ELSE 0
 END AS debit_amount,
 CASE
 WHEN clt.cash_amount > 0
 THEN ABS(clt.cash_amount)
 ELSE 0
 END AS credit_amount,
 clt.narration
FROM tblCashLedgerTransactions clt
LEFT JOIN tblAllLedgersPerVoucher talpv
 ON clt.guid = talpv.guid
GROUP BY
 clt.guid,
 clt.date,
 clt.voucher_number,
 clt.voucher_type,
 clt.cash_ledger_name,
 clt.cash_amount,
 clt.narration
ORDER BY
 clt.date,
 clt.voucher_number;"
G190,customers wise outstanding bills with due date and overdue days?,"WITH opening_entries AS (
 -- Opening receivable bills
 SELECT
 ml.name AS party_name,
 TRIM(ob.name) AS ref_no,
 ob.bill_date AS bill_date,
 (
 ob.bill_date +
 (
 COALESCE(ob.bill_credit_period,0)
 || ' days'
 )::interval
 )::date AS due_date,
 -- Opening receivable = debit
 ABS(ob.opening_balance) AS amount
 FROM mst_opening_bill_allocation ob
 JOIN mst_ledger ml
 ON ob._ledger = ml.guid
 WHERE
 -- UPPER(ml.name) = UPPER('EDGE ENGINEERS') AND
 -- Customer receivable opening
 ob.opening_balance < 0
),
transaction_entries AS (
 -- All debit/credit bill transactions
 SELECT
 l.name AS party_name,
 TRIM(b.name) AS ref_no,
 v.date AS bill_date,
 (
 v.date +
 (
 COALESCE(
 b.bill_credit_period,
 l.bill_credit_period,
 0
 ) || ' days'
 )::interval
 )::date AS due_date,
 CASE
 -- Debit invoice
 WHEN b.amount < 0
 THEN ABS(b.amount)
 -- Credit receipt/payment
 WHEN b.amount > 0
 THEN -ABS(b.amount)
 ELSE 0
 END AS amount
 FROM trn_bill b
 INNER JOIN mst_ledger l
 ON b._ledger = l.guid
 INNER JOIN trn_voucher v
 ON b.guid = v.guid
 WHERE
 -- UPPER(l.name) = UPPER('EDGE ENGINEERS') AND
 v.is_order_voucher = 0
 AND v.date <= CURRENT_DATE
),
all_bill_entries AS (
 SELECT
 party_name,
 ref_no,
 bill_date,
 due_date,
 amount
 FROM opening_entries
 UNION ALL
 SELECT
 party_name,
 ref_no,
 bill_date,
 due_date,
 amount
 FROM transaction_entries
),
bill_summary AS (
 SELECT
 party_name,
 ref_no,
 MIN(bill_date) AS bill_date,
 MIN(due_date) AS due_date,
 ROUND(
 SUM(
 CASE
 WHEN amount > 0
 THEN amount
 ELSE 0
 END
 ),
 2) AS opening_amount,
 ROUND(SUM(amount), 2) AS pending_amount
 FROM all_bill_entries
 GROUP BY
 party_name,
 ref_no
),
open_bills AS (
 SELECT
 *,
 (CURRENT_DATE::date - due_date) AS ageing_days
 FROM bill_summary
 -- Exclude fully settled bills
 WHERE
 ROUND(pending_amount,2) <> 0
 AND pending_amount > 0
)
SELECT
 party_name,
 -- Total Outstanding of Party
 SUM(pending_amount) AS total_pending_amount
FROM open_bills
WHERE ref_no <> ''
GROUP BY party_name
ORDER BY
 total_pending_amount DESC;"
G191,Show customer aging analysis.,"WITH opening_entries AS (
 -- Opening receivable bills
 SELECT
 ml.name AS party_name,
 TRIM(ob.name) AS ref_no,
 ob.bill_date AS bill_date,
 COALESCE(ob.bill_credit_period,0) AS bill_credit_period,
 (
 ob.bill_date +
 (
 COALESCE(ob.bill_credit_period,0)
 || ' days'
 )::interval
 )::date AS due_date,
 -- Opening receivable = debit
 ABS(ob.opening_balance) AS amount
 FROM mst_opening_bill_allocation ob
 JOIN mst_ledger ml
 ON ob._ledger = ml.guid
 WHERE
 ob.opening_balance < 0
),
transaction_entries AS (
 -- All debit/credit bill transactions
 SELECT
 l.name AS party_name,
 TRIM(b.name) AS ref_no,
 v.date AS bill_date,
 COALESCE(
 b.bill_credit_period,
 l.bill_credit_period,
 0
 ) AS bill_credit_period,
 (
 v.date +
 (
 COALESCE(
 b.bill_credit_period,
 l.bill_credit_period,
 0
 ) || ' days'
 )::interval
 )::date AS due_date,
 CASE
 -- Debit invoice
 WHEN b.amount < 0
 THEN ABS(b.amount)
 -- Credit receipt/payment
 WHEN b.amount > 0
 THEN -ABS(b.amount)
 ELSE 0
 END AS amount
 FROM trn_bill b
 INNER JOIN mst_ledger l
 ON b._ledger = l.guid
 INNER JOIN trn_voucher v
 ON b.guid = v.guid
 WHERE
 v.is_order_voucher = 0
 AND v.date <= CURRENT_DATE
),
all_bill_entries AS (
 SELECT
 party_name,
 ref_no,
 bill_date,
 bill_credit_period,
 due_date,
 amount
 FROM opening_entries
 UNION ALL
 SELECT
 party_name,
 ref_no,
 bill_date,
 bill_credit_period,
 due_date,
 amount
 FROM transaction_entries
),
bill_summary AS (
 SELECT
 party_name,
 ref_no,
 MIN(bill_date) AS bill_date,
 MAX(bill_credit_period) AS bill_credit_period,
 MIN(due_date) AS due_date,
 ROUND(
 SUM(amount),
 2) AS pending_amount
 FROM all_bill_entries
 WHERE ref_no <> ''
 GROUP BY
 party_name,
 ref_no
),
open_bills AS (
 SELECT
 *,
 (CURRENT_DATE::date - due_date) AS ageing_days,
 CASE
 WHEN (CURRENT_DATE::date - due_date) < 0
 THEN 'On Track'
 WHEN (CURRENT_DATE::date - due_date) = 0
 THEN 'Due Today'
 ELSE 'Overdue'
 END AS due_status,
 CASE
 WHEN (CURRENT_DATE::date - due_date) <= 30
 THEN 'LOW RISK'
 WHEN (CURRENT_DATE::date - due_date) BETWEEN 31 AND 90
 THEN 'MEDIUM RISK'
 ELSE 'HIGH RISK'
 END AS risk_level
 FROM bill_summary
 -- Exclude fully settled bills
 WHERE
 ROUND(pending_amount,2) > 0
)
SELECT
 party_name,
 ref_no,
 bill_date,
 bill_credit_period,
 due_date,
 risk_level,
 due_status,
 ROUND(SUM(pending_amount), 2) AS total_pending_amount,
 ROUND(SUM(
 CASE
 WHEN ageing_days <= 30
 THEN pending_amount
 ELSE 0
 END
 ), 2) AS ""< 30 days"",
 ROUND(SUM(
 CASE
 WHEN ageing_days > 30
 AND ageing_days <= 60
 THEN pending_amount
 ELSE 0
 END
 ), 2) AS ""30 to 60 days"",
 ROUND(SUM(
 CASE
 WHEN ageing_days > 60
 AND ageing_days <= 90
 THEN pending_amount
 ELSE 0
 END
 ), 2) AS ""60 to 90 days"",
 ROUND(SUM(
 CASE
 WHEN ageing_days > 90
 THEN pending_amount
 ELSE 0
 END
 ), 2) AS ""> 90 days""
FROM open_bills
GROUP BY
 party_name,
 ref_no,
 bill_date,
 bill_credit_period,
 due_date,
 risk_level,
 due_status
ORDER BY
 total_pending_amount ASC;"
G192,Which customers have receivables overdue more than 90 days?,"WITH opening_entries AS (
 -- Opening receivable bills
 SELECT
 ml.name AS party_name,
 TRIM(ob.name) AS ref_no,
 ob.bill_date AS bill_date,
 COALESCE(ob.bill_credit_period,0) AS bill_credit_period,
 (
 ob.bill_date +
 (
 COALESCE(ob.bill_credit_period,0)
 || ' days'
 )::interval
 )::date AS due_date,
 -- Opening receivable = debit
 ABS(ob.opening_balance) AS amount
 FROM mst_opening_bill_allocation ob
 JOIN mst_ledger ml
 ON ob._ledger = ml.guid
 WHERE
 ob.opening_balance < 0
),
transaction_entries AS (
 -- All debit/credit bill transactions
 SELECT
 l.name AS party_name,
 TRIM(b.name) AS ref_no,
 v.date AS bill_date,
 COALESCE(
 b.bill_credit_period,
 l.bill_credit_period,
 0
 ) AS bill_credit_period,
 (
 v.date +
 (
 COALESCE(
 b.bill_credit_period,
 l.bill_credit_period,
 0
 ) || ' days'
 )::interval
 )::date AS due_date,
 CASE
 -- Debit invoice
 WHEN b.amount < 0
 THEN ABS(b.amount)
 -- Credit receipt/payment
 WHEN b.amount > 0
 THEN -ABS(b.amount)
 ELSE 0
 END AS amount
 FROM trn_bill b
 INNER JOIN mst_ledger l
 ON b._ledger = l.guid
 INNER JOIN trn_voucher v
 ON b.guid = v.guid
 WHERE
 v.is_order_voucher = 0
 AND v.date <= CURRENT_DATE
),
all_bill_entries AS (
 SELECT
 party_name,
 ref_no,
 bill_date,
 bill_credit_period,
 due_date,
 amount
 FROM opening_entries
 UNION ALL
 SELECT
 party_name,
 ref_no,
 bill_date,
 bill_credit_period,
 due_date,
 amount
 FROM transaction_entries
),
bill_summary AS (
 SELECT
 party_name,
 ref_no,
 MIN(bill_date) AS bill_date,
 MAX(bill_credit_period) AS bill_credit_period,
 MIN(due_date) AS due_date,
 ROUND(
 SUM(amount),
 2) AS pending_amount
 FROM all_bill_entries
 WHERE ref_no <> ''
 GROUP BY
 party_name,
 ref_no
),
open_bills AS (
 SELECT
 *,
 (CURRENT_DATE::date - due_date) AS ageing_days,
 CASE
 WHEN (CURRENT_DATE::date - due_date) < 0
 THEN 'On Track'
 WHEN (CURRENT_DATE::date - due_date) = 0
 THEN 'Due Today'
 ELSE 'Overdue'
 END AS due_status,
 CASE
 WHEN (CURRENT_DATE::date - due_date) <= 30
 THEN 'LOW RISK'
 WHEN (CURRENT_DATE::date - due_date) BETWEEN 31 AND 90
 THEN 'MEDIUM RISK'
 ELSE 'HIGH RISK'
 END AS risk_level
 FROM bill_summary
 -- Exclude fully settled bills
 WHERE
 ROUND(pending_amount,2) > 0
)
SELECT
 party_name,
 ref_no,
 bill_date,
 bill_credit_period,
 due_date,
 risk_level,
 due_status,
 ROUND(SUM(pending_amount), 2) AS total_pending_amount,
 ROUND(SUM(
 CASE
 WHEN ageing_days <= 30
 THEN pending_amount
 ELSE 0
 END
 ), 2) AS ""< 30 days"",
 ROUND(SUM(
 CASE
 WHEN ageing_days > 30
 AND ageing_days <= 60
 THEN pending_amount
 ELSE 0
 END
 ), 2) AS ""30 to 60 days"",
 ROUND(SUM(
 CASE
 WHEN ageing_days > 60
 AND ageing_days <= 90
 THEN pending_amount
 ELSE 0
 END
 ), 2) AS ""60 to 90 days"",
 ROUND(SUM(
 CASE
 WHEN ageing_days > 90
 THEN pending_amount
 ELSE 0
 END
 ), 2) AS ""> 90 days""
FROM open_bills
GROUP BY
 party_name,
 ref_no,
 bill_date,
 bill_credit_period,
 due_date,
 risk_level,
 due_status
ORDER BY
 total_pending_amount ASC;"
G193,Show customer receivables with risk level and due status,"WITH opening_entries AS (
 -- Opening receivable bills
 SELECT
 ml.name AS party_name,
 TRIM(ob.name) AS ref_no,
 ob.bill_date AS bill_date,
 COALESCE(ob.bill_credit_period,0) AS bill_credit_period,
 (
 ob.bill_date +
 (
 COALESCE(ob.bill_credit_period,0)
 || ' days'
 )::interval
 )::date AS due_date,
 -- Opening receivable = debit
 ABS(ob.opening_balance) AS amount
 FROM mst_opening_bill_allocation ob
 JOIN mst_ledger ml
 ON ob._ledger = ml.guid
 WHERE
 ob.opening_balance < 0
),
transaction_entries AS (
 -- All debit/credit bill transactions
 SELECT
 l.name AS party_name,
 TRIM(b.name) AS ref_no,
 v.date AS bill_date,
 COALESCE(
 b.bill_credit_period,
 l.bill_credit_period,
 0
 ) AS bill_credit_period,
 (
 v.date +
 (
 COALESCE(
 b.bill_credit_period,
 l.bill_credit_period,
 0
 ) || ' days'
 )::interval
 )::date AS due_date,
 CASE
 -- Debit invoice
 WHEN b.amount < 0
 THEN ABS(b.amount)
 -- Credit receipt/payment
 WHEN b.amount > 0
 THEN -ABS(b.amount)
 ELSE 0
 END AS amount
 FROM trn_bill b
 INNER JOIN mst_ledger l
 ON b._ledger = l.guid
 INNER JOIN trn_voucher v
 ON b.guid = v.guid
 WHERE
 v.is_order_voucher = 0
 AND v.date <= CURRENT_DATE
),
all_bill_entries AS (
 SELECT
 party_name,
 ref_no,
 bill_date,
 bill_credit_period,
 due_date,
 amount
 FROM opening_entries
 UNION ALL
 SELECT
 party_name,
 ref_no,
 bill_date,
 bill_credit_period,
 due_date,
 amount
 FROM transaction_entries
),
bill_summary AS (
 SELECT
 party_name,
 ref_no,
 MIN(bill_date) AS bill_date,
 MAX(bill_credit_period) AS bill_credit_period,
 MIN(due_date) AS due_date,
 ROUND(
 SUM(amount),
 2) AS pending_amount
 FROM all_bill_entries
 WHERE ref_no <> ''
 GROUP BY
 party_name,
 ref_no
),
open_bills AS (
 SELECT
 *,
 (CURRENT_DATE::date - due_date) AS due_days,
 CASE
 WHEN (CURRENT_DATE::date - due_date) < 0
 THEN 'On Track'
 WHEN (CURRENT_DATE::date - due_date) = 0
 THEN 'Due Today'
 ELSE 'Overdue'
 END AS due_status,
 CASE
 WHEN (CURRENT_DATE::date - due_date) <= 30
 THEN 'LOW RISK'
 WHEN (CURRENT_DATE::date - due_date) BETWEEN 31 AND 90
 THEN 'MEDIUM RISK'
 ELSE 'HIGH RISK'
 END AS risk_level
 FROM bill_summary
 -- Exclude fully settled bills
 WHERE
 ROUND(pending_amount,2) > 0
)
SELECT
 party_name,
 ref_no,
 bill_date,
 bill_credit_period,
 due_date,
 due_days,
 ROUND(SUM(pending_amount), 2) AS total_pending_amount
FROM open_bills
GROUP BY
 party_name,
 ref_no,
 bill_date,
 bill_credit_period,
 due_date,
 due_days
ORDER BY
 total_pending_amount DESC;"
G194,Which customers are on track with payments?,"WITH opening_entries AS (
 -- Opening receivable bills
 SELECT
 ml.name AS party_name,
 TRIM(ob.name) AS ref_no,
 ob.bill_date AS bill_date,
 COALESCE(ob.bill_credit_period,0) AS bill_credit_period,
 (
 ob.bill_date +
 (
 COALESCE(ob.bill_credit_period,0)
 || ' days'
 )::interval
 )::date AS due_date,
 -- Opening receivable = debit
 ABS(ob.opening_balance) AS amount
 FROM mst_opening_bill_allocation ob
 JOIN mst_ledger ml
 ON ob._ledger = ml.guid
 WHERE
 ob.opening_balance < 0
),
transaction_entries AS (
 -- All debit/credit bill transactions
 SELECT
 l.name AS party_name,
 TRIM(b.name) AS ref_no,
 v.date AS bill_date,
 COALESCE(
 b.bill_credit_period,
 l.bill_credit_period,
 0
 ) AS bill_credit_period,
 (
 v.date +
 (
 COALESCE(
 b.bill_credit_period,
 l.bill_credit_period,
 0
 ) || ' days'
 )::interval
 )::date AS due_date,
 CASE
 -- Debit invoice
 WHEN b.amount < 0
 THEN ABS(b.amount)
 -- Credit receipt/payment
 WHEN b.amount > 0
 THEN -ABS(b.amount)
 ELSE 0
 END AS amount
 FROM trn_bill b
 INNER JOIN mst_ledger l
 ON b._ledger = l.guid
 INNER JOIN trn_voucher v
 ON b.guid = v.guid
 WHERE
 v.is_order_voucher = 0
 AND v.date <= CURRENT_DATE
),
all_bill_entries AS (
 SELECT
 party_name,
 ref_no,
 bill_date,
 bill_credit_period,
 due_date,
 amount
 FROM opening_entries
 UNION ALL
 SELECT
 party_name,
 ref_no,
 bill_date,
 bill_credit_period,
 due_date,
 amount
 FROM transaction_entries
),
bill_summary AS (
 SELECT
 party_name,
 ref_no,
 MIN(bill_date) AS bill_date,
 MAX(bill_credit_period) AS bill_credit_period,
 MIN(due_date) AS due_date,
 ROUND(
 SUM(amount),
 2) AS pending_amount
 FROM all_bill_entries
 WHERE ref_no <> ''
 GROUP BY
 party_name,
 ref_no
),
open_bills AS (
 SELECT
 *,
 (CURRENT_DATE::date - due_date) AS ageing_days,
 CASE
 WHEN (CURRENT_DATE::date - due_date) < 0
 THEN 'On Track'
 WHEN (CURRENT_DATE::date - due_date) = 0
 THEN 'Due Today'
 ELSE 'Overdue'
 END AS due_status,
 CASE
 WHEN (CURRENT_DATE::date - due_date) <= 30
 THEN 'LOW RISK'
 WHEN (CURRENT_DATE::date - due_date) BETWEEN 31 AND 90
 THEN 'MEDIUM RISK'
 ELSE 'HIGH RISK'
 END AS risk_level
 FROM bill_summary
 -- Exclude fully settled bills
 WHERE
 ROUND(pending_amount,2) > 0
)
SELECT
 party_name,
 ref_no,
 bill_date,
 due_date,
 ROUND(SUM(pending_amount), 2) AS total_pending_amount,
 ROUND(SUM(
 CASE
 WHEN ageing_days <= 30
 THEN pending_amount
 ELSE 0
 END
 ), 2) AS ""< 30 days"",
 ROUND(SUM(
 CASE
 WHEN ageing_days > 30
 AND ageing_days <= 60
 THEN pending_amount
 ELSE 0
 END
 ), 2) AS ""30 to 60 days"",
 ROUND(SUM(
 CASE
 WHEN ageing_days > 60
 AND ageing_days <= 90
 THEN pending_amount
 ELSE 0
 END
 ), 2) AS ""60 to 90 days"",
 ROUND(SUM(
 CASE
 WHEN ageing_days > 90
 THEN pending_amount
 ELSE 0
 END
 ), 2) AS ""> 90 days""
FROM open_bills
GROUP BY
 party_name,
 ref_no,
 bill_date,
 due_date
ORDER BY
 total_pending_amount ASC;"
G195,Show open invoices customer-wise.,"WITH opening_entries AS (
 -- Opening receivable bills
 SELECT
 ml.name AS party_name,
 TRIM(ob.name) AS ref_no,
 ob.bill_date AS bill_date,
 COALESCE(ob.bill_credit_period,0) AS bill_credit_period,
 (
 ob.bill_date +
 (
 COALESCE(ob.bill_credit_period,0)
 || ' days'
 )::interval
 )::date AS due_date,
 -- Opening receivable = debit
 ABS(ob.opening_balance) AS amount
 FROM mst_opening_bill_allocation ob
 JOIN mst_ledger ml
 ON ob._ledger = ml.guid
 WHERE
 ob.opening_balance < 0
),
transaction_entries AS (
 -- All debit/credit bill transactions
 SELECT
 l.name AS party_name,
 TRIM(b.name) AS ref_no,
 v.date AS bill_date,
 COALESCE(
 b.bill_credit_period,
 l.bill_credit_period,
 0
 ) AS bill_credit_period,
 (
 v.date +
 (
 COALESCE(
 b.bill_credit_period,
 l.bill_credit_period,
 0
 ) || ' days'
 )::interval
 )::date AS due_date,
 CASE
 -- Debit invoice
 WHEN b.amount < 0
 THEN ABS(b.amount)
 -- Credit receipt/payment
 WHEN b.amount > 0
 THEN -ABS(b.amount)
 ELSE 0
 END AS amount
 FROM trn_bill b
 INNER JOIN mst_ledger l
 ON b._ledger = l.guid
 INNER JOIN trn_voucher v
 ON b.guid = v.guid
 WHERE
 v.is_order_voucher = 0
 AND v.date <= CURRENT_DATE
),
all_bill_entries AS (
 SELECT
 party_name,
 ref_no,
 bill_date,
 bill_credit_period,
 due_date,
 amount
 FROM opening_entries
 UNION ALL
 SELECT
 party_name,
 ref_no,
 bill_date,
 bill_credit_period,
 due_date,
 amount
 FROM transaction_entries
),
bill_summary AS (
 SELECT
 party_name,
 ref_no,
 MIN(bill_date) AS bill_date,
 MAX(bill_credit_period) AS bill_credit_period,
 MIN(due_date) AS due_date,
 ROUND(
 SUM(amount),
 2) AS pending_amount
 FROM all_bill_entries
 WHERE ref_no <> ''
 GROUP BY
 party_name,
 ref_no
),
open_bills AS (
 SELECT
 *,
 (CURRENT_DATE::date - due_date) AS ageing_days,
 CASE
 WHEN (CURRENT_DATE::date - due_date) < 0
 THEN 'On Track'
 WHEN (CURRENT_DATE::date - due_date) = 0
 THEN 'Due Today'
 ELSE 'Overdue'
 END AS due_status,
 CASE
 WHEN (CURRENT_DATE::date - due_date) <= 30
 THEN 'LOW RISK'
 WHEN (CURRENT_DATE::date - due_date) BETWEEN 31 AND 90
 THEN 'MEDIUM RISK'
 ELSE 'HIGH RISK'
 END AS risk_level
 FROM bill_summary
 -- Exclude fully settled bills
 WHERE
 ROUND(pending_amount,2) > 0
)
SELECT
 party_name,
 ref_no,
 bill_date,
 due_date,
 ROUND(SUM(pending_amount), 2) AS total_pending_amount,
 ROUND(SUM(
 CASE
 WHEN ageing_days <= 30
 THEN pending_amount
 ELSE 0
 END
 ), 2) AS ""< 30 days"",
 ROUND(SUM(
 CASE
 WHEN ageing_days > 30
 AND ageing_days <= 60
 THEN pending_amount
 ELSE 0
 END
 ), 2) AS ""30 to 60 days"",
 ROUND(SUM(
 CASE
 WHEN ageing_days > 60
 AND ageing_days <= 90
 THEN pending_amount
 ELSE 0
 END
 ), 2) AS ""60 to 90 days"",
 ROUND(SUM(
 CASE
 WHEN ageing_days > 90
 THEN pending_amount
 ELSE 0
 END
 ), 2) AS ""> 90 days""
FROM open_bills
GROUP BY
 party_name,
 ref_no,
 bill_date,
 due_date
ORDER BY
 total_pending_amount ASC;"
G196,Which customers have the highest outstanding balances?,"WITH opening_entries AS (
 -- Opening receivable bills
 SELECT
 ml.name AS party_name,
 TRIM(ob.name) AS ref_no,
 ob.bill_date AS bill_date,
 COALESCE(ob.bill_credit_period,0) AS bill_credit_period,
 (
 ob.bill_date +
 (
 COALESCE(ob.bill_credit_period,0)
 || ' days'
 )::interval
 )::date AS due_date,
 -- Opening receivable = debit
 ABS(ob.opening_balance) AS amount
 FROM mst_opening_bill_allocation ob
 JOIN mst_ledger ml
 ON ob._ledger = ml.guid
 WHERE
 ob.opening_balance < 0
),
transaction_entries AS (
 -- All debit/credit bill transactions
 SELECT
 l.name AS party_name,
 TRIM(b.name) AS ref_no,
 v.date AS bill_date,
 COALESCE(
 b.bill_credit_period,
 l.bill_credit_period,
 0
 ) AS bill_credit_period,
 (
 v.date +
 (
 COALESCE(
 b.bill_credit_period,
 l.bill_credit_period,
 0
 ) || ' days'
 )::interval
 )::date AS due_date,
 CASE
 -- Debit invoice
 WHEN b.amount < 0
 THEN ABS(b.amount)
 -- Credit receipt/payment
 WHEN b.amount > 0
 THEN -ABS(b.amount)
 ELSE 0
 END AS amount
 FROM trn_bill b
 INNER JOIN mst_ledger l
 ON b._ledger = l.guid
 INNER JOIN trn_voucher v
 ON b.guid = v.guid
 WHERE
 v.is_order_voucher = 0
 AND v.date <= CURRENT_DATE
),
all_bill_entries AS (
 SELECT
 party_name,
 ref_no,
 bill_date,
 bill_credit_period,
 due_date,
 amount
 FROM opening_entries
 UNION ALL
 SELECT
 party_name,
 ref_no,
 bill_date,
 bill_credit_period,
 due_date,
 amount
 FROM transaction_entries
),
bill_summary AS (
 SELECT
 party_name,
 ref_no,
 MIN(bill_date) AS bill_date,
 MAX(bill_credit_period) AS bill_credit_period,
 MIN(due_date) AS due_date,
 ROUND(
 SUM(amount),
 2) AS pending_amount
 FROM all_bill_entries
 WHERE ref_no <> ''
 GROUP BY
 party_name,
 ref_no
),
open_bills AS (
 SELECT
 *,
 (CURRENT_DATE::date - due_date) AS ageing_days,
 CASE
 WHEN (CURRENT_DATE::date - due_date) < 0
 THEN 'On Track'
 WHEN (CURRENT_DATE::date - due_date) = 0
 THEN 'Due Today'
 ELSE 'Overdue'
 END AS due_status,
 CASE
 WHEN (CURRENT_DATE::date - due_date) <= 30
 THEN 'LOW RISK'
 WHEN (CURRENT_DATE::date - due_date) BETWEEN 31 AND 90
 THEN 'MEDIUM RISK'
 ELSE 'HIGH RISK'
 END AS risk_level
 FROM bill_summary
 -- Exclude fully settled bills
 WHERE
 ROUND(pending_amount,2) > 0
)
SELECT
 party_name,
 ref_no,
 bill_date,
 bill_credit_period,
 due_date,
 risk_level,
 due_status,
 ROUND(SUM(pending_amount), 2) AS total_pending_amount,
 ROUND(SUM(
 CASE
 WHEN ageing_days <= 30
 THEN pending_amount
 ELSE 0
 END
 ), 2) AS ""< 30 days"",
 ROUND(SUM(
 CASE
 WHEN ageing_days > 30
 AND ageing_days <= 60
 THEN pending_amount
 ELSE 0
 END
 ), 2) AS ""30 to 60 days"",
 ROUND(SUM(
 CASE
 WHEN ageing_days > 60
 AND ageing_days <= 90
 THEN pending_amount
 ELSE 0
 END
 ), 2) AS ""60 to 90 days"",
 ROUND(SUM(
 CASE
 WHEN ageing_days > 90
 THEN pending_amount
 ELSE 0
 END
 ), 2) AS ""> 90 days""
FROM open_bills
GROUP BY
 party_name,
 ref_no,
 bill_date,
 bill_credit_period,
 due_date,
 risk_level,
 due_status
ORDER BY
 total_pending_amount ASC;"
G197,Which invoices are due within the next 7 days?,"WITH opening_entries AS (
 -- Opening receivable bills
 SELECT
 ml.name AS party_name,
 TRIM(ob.name) AS ref_no,
 ob.bill_date AS bill_date,
 COALESCE(ob.bill_credit_period,0) AS bill_credit_period,
 (
 ob.bill_date +
 (
 COALESCE(ob.bill_credit_period,0)
 || ' days'
 )::interval
 )::date AS due_date,
 -- Opening receivable = debit
 ABS(ob.opening_balance) AS amount
 FROM mst_opening_bill_allocation ob
 JOIN mst_ledger ml
 ON ob._ledger = ml.guid
 WHERE
 ob.opening_balance < 0
),
transaction_entries AS (
 -- All debit/credit bill transactions
 SELECT
 l.name AS party_name,
 TRIM(b.name) AS ref_no,
 v.date AS bill_date,
 COALESCE(
 b.bill_credit_period,
 l.bill_credit_period,
 0
 ) AS bill_credit_period,
 (
 v.date +
 (
 COALESCE(
 b.bill_credit_period,
 l.bill_credit_period,
 0
 ) || ' days'
 )::interval
 )::date AS due_date,
 CASE
 -- Debit invoice
 WHEN b.amount < 0
 THEN ABS(b.amount)
 -- Credit receipt/payment
 WHEN b.amount > 0
 THEN -ABS(b.amount)
 ELSE 0
 END AS amount
 FROM trn_bill b
 INNER JOIN mst_ledger l
 ON b._ledger = l.guid
 INNER JOIN trn_voucher v
 ON b.guid = v.guid
 WHERE
 v.is_order_voucher = 0
 AND v.date <= CURRENT_DATE
),
all_bill_entries AS (
 SELECT
 party_name,
 ref_no,
 bill_date,
 bill_credit_period,
 due_date,
 amount
 FROM opening_entries
 UNION ALL
 SELECT
 party_name,
 ref_no,
 bill_date,
 bill_credit_period,
 due_date,
 amount
 FROM transaction_entries
),
bill_summary AS (
 SELECT
 party_name,
 ref_no,
 MIN(bill_date) AS bill_date,
 MAX(bill_credit_period) AS bill_credit_period,
 MIN(due_date) AS due_date,
 ROUND(
 SUM(amount),
 2) AS pending_amount
 FROM all_bill_entries
 WHERE ref_no <> ''
 GROUP BY
 party_name,
 ref_no
),
open_bills AS (
 SELECT
 *,
 (CURRENT_DATE::date - due_date) AS ageing_days,
 CASE
 WHEN (CURRENT_DATE::date - due_date) < 0
 THEN 'On Track'
 WHEN (CURRENT_DATE::date - due_date) = 0
 THEN 'Due Today'
 ELSE 'Overdue'
 END AS due_status,
 CASE
 WHEN (CURRENT_DATE::date - due_date) <= 30
 THEN 'LOW RISK'
 WHEN (CURRENT_DATE::date - due_date) BETWEEN 31 AND 90
 THEN 'MEDIUM RISK'
 ELSE 'HIGH RISK'
 END AS risk_level
 FROM bill_summary
 -- Exclude fully settled bills
 WHERE
 ROUND(pending_amount,2) > 0
)
SELECT
 party_name,
 ref_no,
 bill_date,
 bill_credit_period,
 due_date,
 risk_level,
 due_status,
 ROUND(SUM(pending_amount), 2) AS total_pending_amount,
 ROUND(SUM(
 CASE
 WHEN ageing_days <= 30
 THEN pending_amount
 ELSE 0
 END
 ), 2) AS ""< 30 days"",
 ROUND(SUM(
 CASE
 WHEN ageing_days > 30
 AND ageing_days <= 60
 THEN pending_amount
 ELSE 0
 END
 ), 2) AS ""30 to 60 days"",
 ROUND(SUM(
 CASE
 WHEN ageing_days > 60
 AND ageing_days <= 90
 THEN pending_amount
 ELSE 0
 END
 ), 2) AS ""60 to 90 days"",
 ROUND(SUM(
 CASE
 WHEN ageing_days > 90
 THEN pending_amount
 ELSE 0
 END
 ), 2) AS ""> 90 days""
FROM open_bills
GROUP BY
 party_name,
 ref_no,
 bill_date,
 bill_credit_period,
 due_date,
 risk_level,
 due_status
ORDER BY
 total_pending_amount ASC;"
G198,Which customers have invoices overdue between 30 and 60 days?,"WITH opening_entries AS (
 -- Opening receivable bills
 SELECT
 ml.name AS party_name,
 TRIM(ob.name) AS ref_no,
 ob.bill_date AS bill_date,
 (
 ob.bill_date +
 (
 COALESCE(ob.bill_credit_period,0)
 || ' days'
 )::interval
 )::date AS due_date,
 -- Opening receivable = debit
 ABS(ob.opening_balance) AS amount
 FROM mst_opening_bill_allocation ob
 JOIN mst_ledger ml
 ON ob._ledger = ml.guid
 WHERE
 -- UPPER(ml.name) = UPPER('EDGE ENGINEERS') AND
 -- Customer receivable opening
 ob.opening_balance < 0
),
transaction_entries AS (
 -- All debit/credit bill transactions
 SELECT
 l.name AS party_name,
 TRIM(b.name) AS ref_no,
 v.date AS bill_date,
 (
 v.date +
 (
 COALESCE(
 b.bill_credit_period,
 l.bill_credit_period,
 0
 ) || ' days'
 )::interval
 )::date AS due_date,
 CASE
 -- Debit invoice
 WHEN b.amount < 0
 THEN ABS(b.amount)
 -- Credit receipt/payment
 WHEN b.amount > 0
 THEN -ABS(b.amount)
 ELSE 0
 END AS amount
 FROM trn_bill b
 INNER JOIN mst_ledger l
 ON b._ledger = l.guid
 INNER JOIN trn_voucher v
 ON b.guid = v.guid
 WHERE
 -- UPPER(l.name) = UPPER('EDGE ENGINEERS') AND
 v.is_order_voucher = 0
 AND v.date <= CURRENT_DATE
),
all_bill_entries AS (
 SELECT
 party_name,
 ref_no,
 bill_date,
 due_date,
 amount
 FROM opening_entries
 UNION ALL
 SELECT
 party_name,
 ref_no,
 bill_date,
 due_date,
 amount
 FROM transaction_entries
),
bill_summary AS (
 SELECT
 party_name,
 ref_no,
 MIN(bill_date) AS bill_date,
 MIN(due_date) AS due_date,
 ROUND(
 SUM(
 CASE
 WHEN amount > 0
 THEN amount
 ELSE 0
 END
 ),
 2) AS opening_amount,
 ROUND(SUM(amount), 2) AS pending_amount
 FROM all_bill_entries
 GROUP BY
 party_name,
 ref_no
),
open_bills AS (
 SELECT
 *,
 (CURRENT_DATE::date - due_date) AS ageing_days
 FROM bill_summary
 -- Exclude fully settled bills
 WHERE
 ROUND(pending_amount,2) <> 0
 AND pending_amount > 0
)
SELECT
 party_name,
 -- Total Outstanding of Party
 SUM(pending_amount) AS total_pending_amount
FROM open_bills
WHERE ref_no <> ''
GROUP BY party_name
ORDER BY
 total_pending_amount DESC;"
G199,Show customer receivables with invoice details,"WITH opening_entries AS (
 -- Opening receivable bills
 SELECT
 ml.name AS party_name,
 TRIM(ob.name) AS ref_no,
 ob.bill_date AS bill_date,
 (
 ob.bill_date +
 (
 COALESCE(ob.bill_credit_period,0)
 || ' days'
 )::interval
 )::date AS due_date,
 -- Opening receivable = debit
 ABS(ob.opening_balance) AS amount
 FROM mst_opening_bill_allocation ob
 JOIN mst_ledger ml
 ON ob._ledger = ml.guid
 WHERE
 -- UPPER(ml.name) = UPPER('EDGE ENGINEERS') AND
 -- Customer receivable opening
 ob.opening_balance < 0
),
transaction_entries AS (
 -- All debit/credit bill transactions
 SELECT
 l.name AS party_name,
 TRIM(b.name) AS ref_no,
 v.date AS bill_date,
 (
 v.date +
 (
 COALESCE(
 b.bill_credit_period,
 l.bill_credit_period,
 0
 ) || ' days'
 )::interval
 )::date AS due_date,
 CASE
 -- Debit invoice
 WHEN b.amount < 0
 THEN ABS(b.amount)
 -- Credit receipt/payment
 WHEN b.amount > 0
 THEN -ABS(b.amount)
 ELSE 0
 END AS amount
 FROM trn_bill b
 INNER JOIN mst_ledger l
 ON b._ledger = l.guid
 INNER JOIN trn_voucher v
 ON b.guid = v.guid
 WHERE
 -- UPPER(l.name) = UPPER('EDGE ENGINEERS') AND
 v.is_order_voucher = 0
 AND v.date <= CURRENT_DATE
),
all_bill_entries AS (
 SELECT
 party_name,
 ref_no,
 bill_date,
 due_date,
 amount
 FROM opening_entries
 UNION ALL
 SELECT
 party_name,
 ref_no,
 bill_date,
 due_date,
 amount
 FROM transaction_entries
),
bill_summary AS (
 SELECT
 party_name,
 ref_no,
 MIN(bill_date) AS bill_date,
 MIN(due_date) AS due_date,
 ROUND(
 SUM(
 CASE
 WHEN amount > 0
 THEN amount
 ELSE 0
 END
 ),
 2) AS opening_amount,
 ROUND(SUM(amount), 2) AS pending_amount
 FROM all_bill_entries
 GROUP BY
 party_name,
 ref_no
),
open_bills AS (
 SELECT
 *,
 (CURRENT_DATE::date - due_date) AS ageing_days
 FROM bill_summary
 -- Exclude fully settled bills
 WHERE
 ROUND(pending_amount,2) <> 0
 AND pending_amount > 0
)
SELECT
 party_name,
 -- Total Outstanding of Party
 SUM(pending_amount) AS total_pending_amount
FROM open_bills
WHERE ref_no <> ''
GROUP BY party_name
ORDER BY
 total_pending_amount DESC;"
G200,What are the <customer name> receivables(outstanding_amount)?,"WITH opening_entries AS (
 -- Opening receivable bills
 SELECT
 ml.name AS party_name,
 TRIM(ob.name) AS ref_no,
 ob.bill_date AS bill_date,
 COALESCE(ob.bill_credit_period,0) AS bill_credit_period,
 (
 ob.bill_date +
 (
 COALESCE(ob.bill_credit_period,0)
 || ' days'
 )::interval
 )::date AS due_date,
 -- Opening receivable = debit
 ABS(ob.opening_balance) AS amount
 FROM mst_opening_bill_allocation ob
 JOIN mst_ledger ml
 ON ob._ledger = ml.guid
 WHERE
 ob.opening_balance < 0
),
transaction_entries AS (
 -- All debit/credit bill transactions
 SELECT
 l.name AS party_name,
 TRIM(b.name) AS ref_no,
 v.date AS bill_date,
 COALESCE(
 b.bill_credit_period,
 l.bill_credit_period,
 0
 ) AS bill_credit_period,
 (
 v.date +
 (
 COALESCE(
 b.bill_credit_period,
 l.bill_credit_period,
 0
 ) || ' days'
 )::interval
 )::date AS due_date,
 CASE
 -- Debit invoice
 WHEN b.amount < 0
 THEN ABS(b.amount)
 -- Credit receipt/payment
 WHEN b.amount > 0
 THEN -ABS(b.amount)
 ELSE 0
 END AS amount
 FROM trn_bill b
 INNER JOIN mst_ledger l
 ON b._ledger = l.guid
 INNER JOIN trn_voucher v
 ON b.guid = v.guid
 WHERE
 v.is_order_voucher = 0
 AND v.date <= CURRENT_DATE
),
all_bill_entries AS (
 SELECT
 party_name,
 ref_no,
 bill_date,
 bill_credit_period,
 due_date,
 amount
 FROM opening_entries
 UNION ALL
 SELECT
 party_name,
 ref_no,
 bill_date,
 bill_credit_period,
 due_date,
 amount
 FROM transaction_entries
),
bill_summary AS (
 SELECT
 party_name,
 ref_no,
 MIN(bill_date) AS bill_date,
 MAX(bill_credit_period) AS bill_credit_period,
 MIN(due_date) AS due_date,
 ROUND(
 SUM(amount),
 2) AS pending_amount
 FROM all_bill_entries
 WHERE ref_no <> ''
 GROUP BY
 party_name,
 ref_no
),
open_bills AS (
 SELECT
 *,
 (CURRENT_DATE::date - due_date) AS ageing_days,
 CASE
 WHEN (CURRENT_DATE::date - due_date) < 0
 THEN 'On Track'
 WHEN (CURRENT_DATE::date - due_date) = 0
 THEN 'Due Today'
 ELSE 'Overdue'
 END AS due_status,
 CASE
 WHEN (CURRENT_DATE::date - due_date) <= 30
 THEN 'LOW RISK'
 WHEN (CURRENT_DATE::date - due_date) BETWEEN 31 AND 90
 THEN 'MEDIUM RISK'
 ELSE 'HIGH RISK'
 END AS risk_level
 FROM bill_summary
 -- Exclude fully settled bills
 WHERE
 ROUND(pending_amount,2) > 0
)
SELECT
 party_name,
 ref_no,
 bill_date,
 bill_credit_period,
 due_date,
 risk_level,
 due_status,
 ROUND(SUM(pending_amount), 2) AS total_pending_amount,
 ROUND(SUM(
 CASE
 WHEN ageing_days <= 30
 THEN pending_amount
 ELSE 0
 END
 ), 2) AS ""< 30 days"",
 ROUND(SUM(
 CASE
 WHEN ageing_days > 30
 AND ageing_days <= 60
 THEN pending_amount
 ELSE 0
 END
 ), 2) AS ""30 to 60 days"",
 ROUND(SUM(
 CASE
 WHEN ageing_days > 60
 AND ageing_days <= 90
 THEN pending_amount
 ELSE 0
 END
 ), 2) AS ""60 to 90 days"",
 ROUND(SUM(
 CASE
 WHEN ageing_days > 90
 THEN pending_amount
 ELSE 0
 END
 ), 2) AS ""> 90 days""
FROM open_bills
GROUP BY
 party_name,
 ref_no,
 bill_date,
 bill_credit_period,
 due_date,
 risk_level,
 due_status
ORDER BY
 total_pending_amount ASC;"
G201,What are the vendor Payable(outstanding_amount)?,"WITH opening_entries AS (
 -- Opening receivable bills
 SELECT
 ml.name AS party_name,
 TRIM(ob.name) AS ref_no,
 ob.bill_date AS bill_date,
 COALESCE(ob.bill_credit_period,0) AS bill_credit_period,
 (
 ob.bill_date +
 (
 COALESCE(ob.bill_credit_period,0)
 || ' days'
 )::interval
 )::date AS due_date,
 -- Opening receivable = debit
 ABS(ob.opening_balance) AS amount
 FROM mst_opening_bill_allocation ob
 JOIN mst_ledger ml
 ON ob._ledger = ml.guid
 WHERE
 ob.opening_balance < 0
),
transaction_entries AS (
 -- All debit/credit bill transactions
 SELECT
 l.name AS party_name,
 TRIM(b.name) AS ref_no,
 v.date AS bill_date,
 COALESCE(
 b.bill_credit_period,
 l.bill_credit_period,
 0
 ) AS bill_credit_period,
 (
 v.date +
 (
 COALESCE(
 b.bill_credit_period,
 l.bill_credit_period,
 0
 ) || ' days'
 )::interval
 )::date AS due_date,
 CASE
 -- Debit invoice
 WHEN b.amount < 0
 THEN ABS(b.amount)
 -- Credit receipt/payment
 WHEN b.amount > 0
 THEN -ABS(b.amount)
 ELSE 0
 END AS amount
 FROM trn_bill b
 INNER JOIN mst_ledger l
 ON b._ledger = l.guid
 INNER JOIN trn_voucher v
 ON b.guid = v.guid
 WHERE
 v.is_order_voucher = 0
 AND v.date <= CURRENT_DATE
),
all_bill_entries AS (
 SELECT
 party_name,
 ref_no,
 bill_date,
 bill_credit_period,
 due_date,
 amount
 FROM opening_entries
 UNION ALL
 SELECT
 party_name,
 ref_no,
 bill_date,
 bill_credit_period,
 due_date,
 amount
 FROM transaction_entries
),
bill_summary AS (
 SELECT
 party_name,
 ref_no,
 MIN(bill_date) AS bill_date,
 MAX(bill_credit_period) AS bill_credit_period,
 MIN(due_date) AS due_date,
 ROUND(
 SUM(amount),
 2) AS pending_amount
 FROM all_bill_entries
 WHERE ref_no <> ''
 GROUP BY
 party_name,
 ref_no
),
open_bills AS (
 SELECT
 *,
 (CURRENT_DATE::date - due_date) AS ageing_days,
 CASE
 WHEN (CURRENT_DATE::date - due_date) < 0
 THEN 'On Track'
 WHEN (CURRENT_DATE::date - due_date) = 0
 THEN 'Due Today'
 ELSE 'Overdue'
 END AS due_status,
 CASE
 WHEN (CURRENT_DATE::date - due_date) <= 30
 THEN 'LOW RISK'
 WHEN (CURRENT_DATE::date - due_date) BETWEEN 31 AND 90
 THEN 'MEDIUM RISK'
 ELSE 'HIGH RISK'
 END AS risk_level
 FROM bill_summary
 -- Exclude fully settled bills
 WHERE
 ROUND(pending_amount,2) > 0
)
SELECT
 party_name,
 ref_no,
 bill_date,
 bill_credit_period,
 due_date,
 risk_level,
 due_status,
 ROUND(SUM(pending_amount), 2) AS total_pending_amount,
 ROUND(SUM(
 CASE
 WHEN ageing_days <= 30
 THEN pending_amount
 ELSE 0
 END
 ), 2) AS ""< 30 days"",
 ROUND(SUM(
 CASE
 WHEN ageing_days > 30
 AND ageing_days <= 60
 THEN pending_amount
 ELSE 0
 END
 ), 2) AS ""30 to 60 days"",
 ROUND(SUM(
 CASE
 WHEN ageing_days > 60
 AND ageing_days <= 90
 THEN pending_amount
 ELSE 0
 END
 ), 2) AS ""60 to 90 days"",
 ROUND(SUM(
 CASE
 WHEN ageing_days > 90
 THEN pending_amount
 ELSE 0
 END
 ), 2) AS ""> 90 days""
FROM open_bills
GROUP BY
 party_name,
 ref_no,
 bill_date,
 bill_credit_period,
 due_date,
 risk_level,
 due_status
ORDER BY
 total_pending_amount ASC;"
G202,Which vendors are high risk based on overdue Payable?,"WITH opening_entries AS (
 -- Opening receivable bills
 SELECT
 ml.name AS customer_name,
 NULL::text AS voucher_number,
 'OPENING' AS voucher_type,
 NULL::text AS reference_number,
 NULL::date AS reference_date,
 TRIM(ob.name) AS bill_reference,
 ob.bill_date AS bill_date,
 COALESCE(ob.bill_credit_period,0) AS bill_credit_period,
 (
 ob.bill_date +
 (
 COALESCE(ob.bill_credit_period,0)
 || ' days'
 )::interval
 )::date AS due_date,
 ABS(ob.opening_balance) AS amount
 FROM mst_opening_bill_allocation ob
 JOIN mst_ledger ml
 ON ob._ledger = ml.guid
 WHERE
 ob.opening_balance < 0
),
transaction_entries AS (
 -- All debit/credit bill transactions
 SELECT
 l.name AS customer_name,
 v.voucher_number,
 v.voucher_type,
 v.reference_number,
 v.reference_date,
 TRIM(b.name) AS bill_reference,
 v.date AS bill_date,
 COALESCE(
 b.bill_credit_period,
 l.bill_credit_period,
 0
 ) AS bill_credit_period,
 (
 v.date +
 (
 COALESCE(
 b.bill_credit_period,
 l.bill_credit_period,
 0
 ) || ' days'
 )::interval
 )::date AS due_date,
 CASE
 -- Debit invoice
 WHEN b.amount < 0
 THEN ABS(b.amount)
 -- Credit receipt/payment
 WHEN b.amount > 0
 THEN -ABS(b.amount)
 ELSE 0
 END AS amount
 FROM trn_bill b
 INNER JOIN mst_ledger l
 ON b._ledger = l.guid
 INNER JOIN trn_voucher v
 ON b.guid = v.guid
 WHERE
 v.is_order_voucher = 0
 AND v.date <= CURRENT_DATE
),
all_entries AS (
 SELECT
 customer_name,
 voucher_number,
 voucher_type,
 reference_number,
 reference_date,
 bill_reference,
 bill_date,
 bill_credit_period,
 due_date,
 amount
 FROM opening_entries
 UNION ALL
 SELECT
 customer_name,
 voucher_number,
 voucher_type,
 reference_number,
 reference_date,
 bill_reference,
 bill_date,
 bill_credit_period,
 due_date,
 amount
 FROM transaction_entries
),
bill_balances AS (
 -- Net outstanding per bill reference
 SELECT
 customer_name,
 bill_reference,
 ROUND(SUM(amount),2) AS pending_amount
 FROM all_entries
 WHERE bill_reference <> ''
 GROUP BY
 customer_name,
 bill_reference
),
open_bills AS (
 -- Keep all original transactions
 SELECT
 a.customer_name,
 a.voucher_number,
 a.voucher_type,
 a.reference_number,
 a.reference_date,
 a.bill_reference,
 a.bill_date,
 a.bill_credit_period,
 a.due_date,
 ROUND(a.amount,2) AS transaction_amount,
 b.pending_amount,
 (CURRENT_DATE::date - a.due_date) AS overdue_days,
 CASE
 WHEN a.due_date > CURRENT_DATE
 THEN 'On Track'
 WHEN a.due_date = CURRENT_DATE
 THEN 'Due Today'
 ELSE 'Overdue'
 END AS due_status,
 CASE
 WHEN (CURRENT_DATE::date - a.due_date) <= 30
 THEN 'LOW RISK'
 WHEN (CURRENT_DATE::date - a.due_date) BETWEEN 31 AND 90
 THEN 'MEDIUM RISK'
 ELSE 'HIGH RISK'
 END AS risk_level
 FROM all_entries a
 INNER JOIN bill_balances b
 ON a.customer_name = b.customer_name
 AND a.bill_reference = b.bill_reference
 WHERE
 ROUND(b.pending_amount,2) > 0
)
SELECT
 customer_name,
 voucher_number,
 voucher_type,
 reference_number,
 reference_date,
 bill_reference,
 bill_date,
 bill_credit_period,
 due_date,
 overdue_days,
 due_status,
 risk_level,
 pending_amount,
 transaction_amount
FROM open_bills
ORDER BY
 customer_name,
 bill_reference,
 bill_date,
 voucher_number;"
G203,Which vendor invoices are overdue?,"WITH opening_entries AS (
 -- Opening receivable bills
 SELECT
 ml.name AS party_name,
 TRIM(ob.name) AS ref_no,
 ob.bill_date AS bill_date,
 (
 ob.bill_date +
 (
 COALESCE(ob.bill_credit_period,0)
 || ' days'
 )::interval
 )::date AS due_date,
 -- Opening receivable = debit
 ABS(ob.opening_balance) AS amount
 FROM mst_opening_bill_allocation ob
 JOIN mst_ledger ml
 ON ob._ledger = ml.guid
 WHERE
 UPPER(ml.name) = UPPER('EDGE ENGINEERS') AND
 -- Customer receivable opening
 ob.opening_balance < 0
),
transaction_entries AS (
 -- All debit/credit bill transactions
 SELECT
 l.name AS party_name,
 TRIM(b.name) AS ref_no,
 v.date AS bill_date,
 (
 v.date +
 (
 COALESCE(
 b.bill_credit_period,
 l.bill_credit_period,
 0
 ) || ' days'
 )::interval
 )::date AS due_date,
 CASE
 -- Debit invoice
 WHEN b.amount < 0
 THEN ABS(b.amount)
 -- Credit receipt/payment
 WHEN b.amount > 0
 THEN -ABS(b.amount)
 ELSE 0
 END AS amount
 FROM trn_bill b
 INNER JOIN mst_ledger l
 ON b._ledger = l.guid
 INNER JOIN trn_voucher v
 ON b.guid = v.guid
 WHERE
 UPPER(l.name) = UPPER('EDGE ENGINEERS') AND
 v.is_order_voucher = 0
 AND v.date <= CURRENT_DATE
),
all_bill_entries AS (
 SELECT
 party_name,
 ref_no,
 bill_date,
 due_date,
 amount
 FROM opening_entries
 UNION ALL
 SELECT
 party_name,
 ref_no,
 bill_date,
 due_date,
 amount
 FROM transaction_entries
),
bill_summary AS (
 SELECT
 party_name,
 ref_no,
 MIN(bill_date) AS bill_date,
 MIN(due_date) AS due_date,
 ROUND(
 SUM(
 CASE
 WHEN amount > 0
 THEN amount
 ELSE 0
 END
 ),
 2) AS opening_amount,
 ROUND(SUM(amount), 2) AS pending_amount
 FROM all_bill_entries
 GROUP BY
 party_name,
 ref_no
),
open_bills AS (
 SELECT
 *,
 (CURRENT_DATE::date - due_date) AS ageing_days
 FROM bill_summary
 -- Exclude fully settled bills
 WHERE
 ROUND(pending_amount,2) <> 0
 AND pending_amount > 0
)
SELECT
 party_name,
 bill_date AS date,
 ref_no,
 opening_amount,
 pending_amount,
 -- Total Outstanding of Party
 ROUND(
 SUM(pending_amount)
 OVER (PARTITION BY party_name),
 2
 ) AS total_pending_amount,
 CASE
 WHEN ageing_days <= 30
 THEN pending_amount
 ELSE 0
 END AS ""< 30 days"",
 CASE
 WHEN ageing_days > 30
 AND ageing_days <= 60
 THEN pending_amount
 ELSE 0
 END AS ""30 to 60 days"",
 CASE
 WHEN ageing_days > 60
 AND ageing_days <= 90
 THEN pending_amount
 ELSE 0
 END AS ""60 to 90 days"",
 CASE
 WHEN ageing_days > 90
 THEN pending_amount
 ELSE 0
 END AS ""> 90 days"",
 due_date
FROM open_bills
WHERE ref_no <> ''
ORDER BY
 bill_date,
 ref_no;"
G204,vendor wise outstanding bills with due date and overdue days?,"WITH opening_bills AS (
 ----------------------------------------------------------
 -- Proper Opening Bill Allocations
 ----------------------------------------------------------
 SELECT
 ml.guid AS ledger_guid,
 ml.name AS party_name,
 UPPER(TRIM(ob.name)) AS normalized_ref_no,
 TRIM(ob.name) AS ref_no,
 ob.bill_date,
 ROUND(ob.opening_balance, 2) AS opening_amount
 FROM mst_opening_bill_allocation ob
 JOIN mst_ledger ml
 ON ob._ledger = ml.guid
 WHERE
 ------------------------------------------------------
 -- Remove Empty Bill Names
 ------------------------------------------------------
 TRIM(COALESCE(ob.name, '')) <> ''
 ------------------------------------------------------
 -- Exclude On Account
 ------------------------------------------------------
 AND UPPER(TRIM(ob.name)) <> 'ON ACCOUNT'
),
transaction_bills AS (
 ----------------------------------------------------------
 -- All Bill Transactions
 ----------------------------------------------------------
 SELECT
 l.guid AS ledger_guid,
 l.name AS party_name,
 UPPER(TRIM(b.name)) AS normalized_ref_no,
 TRIM(b.name) AS ref_no,
 MIN(v.date) AS bill_date,
 ROUND(SUM(b.amount), 2) AS transaction_amount
 FROM trn_bill b
 JOIN mst_ledger l
 ON b._ledger = l.guid
 JOIN trn_voucher v
 ON b.guid = v.guid
 WHERE
 v.is_order_voucher = 0
 ------------------------------------------------------
 -- Remove Empty Bill Names
 ------------------------------------------------------
 AND TRIM(COALESCE(b.name, '')) <> ''
 ------------------------------------------------------
 -- Exclude On Account
 ------------------------------------------------------
 AND UPPER(TRIM(b.name)) <> 'ON ACCOUNT'
 GROUP BY
 l.guid,
 l.name,
 UPPER(TRIM(b.name)),
 TRIM(b.name)
),
opening_adjusted_bills AS (
 ----------------------------------------------------------
 -- Net Opening Bills Against Same Bill Ref
 ----------------------------------------------------------
 SELECT
 ob.ledger_guid,
 ob.party_name,
 ob.ref_no,
 ob.bill_date,
 ROUND(ob.opening_amount, 2) AS opening_amount,
 ROUND(
 COALESCE(tb.transaction_amount, 0),
 2) AS transaction_amount,
 ROUND(
 ob.opening_amount
 +
 COALESCE(tb.transaction_amount, 0),
 2) AS closing_balance
 FROM opening_bills ob
 LEFT JOIN transaction_bills tb
 ON ob.ledger_guid = tb.ledger_guid
 ------------------------------------------------------
 -- Proper Ref Matching
 ------------------------------------------------------
 AND ob.normalized_ref_no = tb.normalized_ref_no
),
transaction_only_bills AS (
 ----------------------------------------------------------
 -- Bills Existing Only In Transactions
 ----------------------------------------------------------
 SELECT
 tb.ledger_guid,
 tb.party_name,
 tb.ref_no,
 tb.bill_date,
 0 AS opening_amount,
 ROUND(tb.transaction_amount, 2) AS transaction_amount,
 ROUND(tb.transaction_amount, 2) AS closing_balance
 FROM transaction_bills tb
 WHERE NOT EXISTS (
 SELECT 1
 FROM opening_bills ob
 WHERE
 ob.ledger_guid = tb.ledger_guid
 --------------------------------------------------
 -- Proper Ref Matching
 --------------------------------------------------
 AND ob.normalized_ref_no = tb.normalized_ref_no
 )
),
final_payables AS (
 ----------------------------------------------------------
 -- Combine Opening + Transaction Bills
 ----------------------------------------------------------
 SELECT
 ledger_guid,
 party_name,
 ref_no,
 bill_date,
 opening_amount,
 transaction_amount,
 closing_balance
 FROM opening_adjusted_bills
 UNION ALL
 SELECT
 ledger_guid,
 party_name,
 ref_no,
 bill_date,
 opening_amount,
 transaction_amount,
 closing_balance
 FROM transaction_only_bills
),
final_bill_closing AS (
 ----------------------------------------------------------
 -- Final Consolidated Bill Closing
 ----------------------------------------------------------
 SELECT
 ledger_guid,
 party_name,
 UPPER(TRIM(ref_no)) AS normalized_ref_no,
 MIN(ref_no) AS ref_no,
 MIN(bill_date) AS bill_date,
 ROUND(SUM(opening_amount), 2) AS opening_amount,
 ROUND(SUM(transaction_amount), 2) AS transaction_amount,
 ROUND(SUM(closing_balance), 2) AS closing_balance
 FROM final_payables
 GROUP BY
 ledger_guid,
 party_name,
 UPPER(TRIM(ref_no))
)
--------------------------------------------------------------
-- Final Party Wise Pending Payables
--------------------------------------------------------------
SELECT
 party_name,
 ROUND(
 SUM(ABS(closing_balance)),
 2) AS total_pending_payable
FROM final_bill_closing
WHERE
 ----------------------------------------------------------
 -- Pending Payable Bills
 ----------------------------------------------------------
 ROUND(closing_balance, 2) > 0
 ----------------------------------------------------------
 -- Remove Fully Cleared Bills
 ----------------------------------------------------------
 AND ROUND(closing_balance, 2) <> 0
GROUP BY
 party_name
ORDER BY
 total_pending_payable DESC,
 party_name;"
G205,Show Vendor aging analysis.,"WITH opening_bills AS (
 ----------------------------------------------------------
 -- Proper Opening Bill Allocations
 ----------------------------------------------------------
 SELECT
 ml.guid AS ledger_guid,
 ml.name AS party_name,
 UPPER(TRIM(ob.name)) AS normalized_ref_no,
 TRIM(ob.name) AS ref_no,
 ob.bill_date,
 COALESCE(ob.bill_credit_period,0) AS bill_credit_period,
 (
 ob.bill_date +
 (
 COALESCE(ob.bill_credit_period,0)
 || ' days'
 )::interval
 )::date AS due_date,
 ROUND(ob.opening_balance, 2) AS opening_amount
 FROM mst_opening_bill_allocation ob
 JOIN mst_ledger ml
 ON ob._ledger = ml.guid
 WHERE
 ------------------------------------------------------
 -- Remove Empty Bill Names
 ------------------------------------------------------
 TRIM(COALESCE(ob.name, '')) <> ''
 ------------------------------------------------------
 -- Exclude On Account
 ------------------------------------------------------
 AND UPPER(TRIM(ob.name)) <> 'ON ACCOUNT'
),
transaction_bills AS (
 ----------------------------------------------------------
 -- All Bill Transactions
 ----------------------------------------------------------
 SELECT
 l.guid AS ledger_guid,
 l.name AS party_name,
 UPPER(TRIM(b.name)) AS normalized_ref_no,
 TRIM(b.name) AS ref_no,
 MIN(v.date) AS bill_date,
 MAX(
 COALESCE(
 b.bill_credit_period,
 l.bill_credit_period,
 0
 )
 ) AS bill_credit_period,
 MIN(
 (
 v.date +
 (
 COALESCE(
 b.bill_credit_period,
 l.bill_credit_period,
 0
 ) || ' days'
 )::interval
 )::date
 ) AS due_date,
 ROUND(SUM(b.amount), 2) AS transaction_amount
 FROM trn_bill b
 JOIN mst_ledger l
 ON b._ledger = l.guid
 JOIN trn_voucher v
 ON b.guid = v.guid
 WHERE
 v.is_order_voucher = 0
 ------------------------------------------------------
 -- Remove Empty Bill Names
 ------------------------------------------------------
 AND TRIM(COALESCE(b.name, '')) <> ''
 ------------------------------------------------------
 -- Exclude On Account
 ------------------------------------------------------
 AND UPPER(TRIM(b.name)) <> 'ON ACCOUNT'
 GROUP BY
 l.guid,
 l.name,
 UPPER(TRIM(b.name)),
 TRIM(b.name)
),
opening_adjusted_bills AS (
 ----------------------------------------------------------
 -- Net Opening Bills Against Same Bill Ref
 ----------------------------------------------------------
 SELECT
 ob.ledger_guid,
 ob.party_name,
 ob.ref_no,
 ob.bill_date,
 ob.bill_credit_period,
 ob.due_date,
 ROUND(ob.opening_amount, 2) AS opening_amount,
 ROUND(
 COALESCE(tb.transaction_amount, 0),
 2) AS transaction_amount,
 ROUND(
 ob.opening_amount
 +
 COALESCE(tb.transaction_amount, 0),
 2) AS closing_balance
 FROM opening_bills ob
 LEFT JOIN transaction_bills tb
 ON ob.ledger_guid = tb.ledger_guid
 ------------------------------------------------------
 -- Proper Ref Matching
 ------------------------------------------------------
 AND ob.normalized_ref_no = tb.normalized_ref_no
),
transaction_only_bills AS (
 ----------------------------------------------------------
 -- Bills Existing Only In Transactions
 ----------------------------------------------------------
 SELECT
 tb.ledger_guid,
 tb.party_name,
 tb.ref_no,
 tb.bill_date,
 tb.bill_credit_period,
 tb.due_date,
 0 AS opening_amount,
 ROUND(tb.transaction_amount, 2) AS transaction_amount,
 ROUND(tb.transaction_amount, 2) AS closing_balance
 FROM transaction_bills tb
 WHERE NOT EXISTS (
 SELECT 1
 FROM opening_bills ob
 WHERE
 ob.ledger_guid = tb.ledger_guid
 --------------------------------------------------
 -- Proper Ref Matching
 --------------------------------------------------
 AND ob.normalized_ref_no = tb.normalized_ref_no
 )
),
final_payables AS (
 ----------------------------------------------------------
 -- Combine Opening + Transaction Bills
 ----------------------------------------------------------
 SELECT
 ledger_guid,
 party_name,
 ref_no,
 bill_date,
 bill_credit_period,
 due_date,
 opening_amount,
 transaction_amount,
 closing_balance
 FROM opening_adjusted_bills
 UNION ALL
 SELECT
 ledger_guid,
 party_name,
 ref_no,
 bill_date,
 bill_credit_period,
 due_date,
 opening_amount,
 transaction_amount,
 closing_balance
 FROM transaction_only_bills
),
final_bill_closing AS (
 ----------------------------------------------------------
 -- Final Consolidated Bill Closing
 ----------------------------------------------------------
 SELECT
 ledger_guid,
 party_name,
 UPPER(TRIM(ref_no)) AS normalized_ref_no,
 MIN(ref_no) AS ref_no,
 MIN(bill_date) AS bill_date,
 MAX(bill_credit_period) AS bill_credit_period,
 MIN(due_date) AS due_date,
 ROUND(SUM(opening_amount), 2) AS opening_amount,
 ROUND(SUM(transaction_amount), 2) AS transaction_amount,
 ROUND(SUM(closing_balance), 2) AS closing_balance
 FROM final_payables
 GROUP BY
 ledger_guid,
 party_name,
 UPPER(TRIM(ref_no))
)
--------------------------------------------------------------
-- Final Pending Payables
--------------------------------------------------------------
SELECT
 party_name,
 ref_no,
 bill_date,
 bill_credit_period,
 due_date,
 CASE
 WHEN (CURRENT_DATE::date - due_date) < 0
 THEN 'On Track'
 WHEN (CURRENT_DATE::date - due_date) = 0
 THEN 'Due Today'
 ELSE 'Overdue'
 END AS due_status,
 CASE
 WHEN (CURRENT_DATE::date - due_date) <= 30
 THEN 'LOW RISK'
 WHEN (CURRENT_DATE::date - due_date) BETWEEN 31 AND 90
 THEN 'MEDIUM RISK'
 ELSE 'HIGH RISK'
 END AS risk_level,
 opening_amount,
 transaction_amount,
 ABS(closing_balance) AS payable_amount,
 CASE
 WHEN (CURRENT_DATE::date - due_date) <= 30
 THEN ABS(closing_balance)
 ELSE 0
 END AS ""< 30 days"",
 CASE
 WHEN (CURRENT_DATE::date - due_date) BETWEEN 31 AND 60
 THEN ABS(closing_balance)
 ELSE 0
 END AS ""30 to 60 days"",
 CASE
 WHEN (CURRENT_DATE::date - due_date) BETWEEN 61 AND 90
 THEN ABS(closing_balance)
 ELSE 0
 END AS ""60 to 90 days"",
 CASE
 WHEN (CURRENT_DATE::date - due_date) > 90
 THEN ABS(closing_balance)
 ELSE 0
 END AS ""> 90 days""
FROM final_bill_closing
WHERE
 ----------------------------------------------------------
 -- Pending Payable Bills
 ----------------------------------------------------------
 ROUND(closing_balance, 2) > 0
 ----------------------------------------------------------
 -- Remove Fully Cleared Bills
 ----------------------------------------------------------
 AND ROUND(closing_balance, 2) <> 0
ORDER BY
 payable_amount DESC,
 party_name,
 bill_date,
 ref_no;"
G206,Which Vendor have Payable overdue more than 90 days?,"WITH opening_bills AS (
 ----------------------------------------------------------
 -- Proper Opening Bill Allocations
 ----------------------------------------------------------
 SELECT
 ml.guid AS ledger_guid,
 ml.name AS party_name,
 UPPER(TRIM(ob.name)) AS normalized_ref_no,
 TRIM(ob.name) AS ref_no,
 ob.bill_date,
 COALESCE(ob.bill_credit_period,0) AS bill_credit_period,
 (
 ob.bill_date +
 (
 COALESCE(ob.bill_credit_period,0)
 || ' days'
 )::interval
 )::date AS due_date,
 ROUND(ob.opening_balance, 2) AS opening_amount
 FROM mst_opening_bill_allocation ob
 JOIN mst_ledger ml
 ON ob._ledger = ml.guid
 WHERE
 ------------------------------------------------------
 -- Remove Empty Bill Names
 ------------------------------------------------------
 TRIM(COALESCE(ob.name, '')) <> ''
 ------------------------------------------------------
 -- Exclude On Account
 ------------------------------------------------------
 AND UPPER(TRIM(ob.name)) <> 'ON ACCOUNT'
),
transaction_bills AS (
 ----------------------------------------------------------
 -- All Bill Transactions
 ----------------------------------------------------------
 SELECT
 l.guid AS ledger_guid,
 l.name AS party_name,
 UPPER(TRIM(b.name)) AS normalized_ref_no,
 TRIM(b.name) AS ref_no,
 MIN(v.date) AS bill_date,
 MAX(
 COALESCE(
 b.bill_credit_period,
 l.bill_credit_period,
 0
 )
 ) AS bill_credit_period,
 MIN(
 (
 v.date +
 (
 COALESCE(
 b.bill_credit_period,
 l.bill_credit_period,
 0
 ) || ' days'
 )::interval
 )::date
 ) AS due_date,
 ROUND(SUM(b.amount), 2) AS transaction_amount
 FROM trn_bill b
 JOIN mst_ledger l
 ON b._ledger = l.guid
 JOIN trn_voucher v
 ON b.guid = v.guid
 WHERE
 v.is_order_voucher = 0
 ------------------------------------------------------
 -- Remove Empty Bill Names
 ------------------------------------------------------
 AND TRIM(COALESCE(b.name, '')) <> ''
 ------------------------------------------------------
 -- Exclude On Account
 ------------------------------------------------------
 AND UPPER(TRIM(b.name)) <> 'ON ACCOUNT'
 GROUP BY
 l.guid,
 l.name,
 UPPER(TRIM(b.name)),
 TRIM(b.name)
),
opening_adjusted_bills AS (
 ----------------------------------------------------------
 -- Net Opening Bills Against Same Bill Ref
 ----------------------------------------------------------
 SELECT
 ob.ledger_guid,
 ob.party_name,
 ob.ref_no,
 ob.bill_date,
 ob.bill_credit_period,
 ob.due_date,
 ROUND(ob.opening_amount, 2) AS opening_amount,
 ROUND(
 COALESCE(tb.transaction_amount, 0),
 2) AS transaction_amount,
 ROUND(
 ob.opening_amount
 +
 COALESCE(tb.transaction_amount, 0),
 2) AS closing_balance
 FROM opening_bills ob
 LEFT JOIN transaction_bills tb
 ON ob.ledger_guid = tb.ledger_guid
 ------------------------------------------------------
 -- Proper Ref Matching
 ------------------------------------------------------
 AND ob.normalized_ref_no = tb.normalized_ref_no
),
transaction_only_bills AS (
 ----------------------------------------------------------
 -- Bills Existing Only In Transactions
 ----------------------------------------------------------
 SELECT
 tb.ledger_guid,
 tb.party_name,
 tb.ref_no,
 tb.bill_date,
 tb.bill_credit_period,
 tb.due_date,
 0 AS opening_amount,
 ROUND(tb.transaction_amount, 2) AS transaction_amount,
 ROUND(tb.transaction_amount, 2) AS closing_balance
 FROM transaction_bills tb
 WHERE NOT EXISTS (
 SELECT 1
 FROM opening_bills ob
 WHERE
 ob.ledger_guid = tb.ledger_guid
 --------------------------------------------------
 -- Proper Ref Matching
 --------------------------------------------------
 AND ob.normalized_ref_no = tb.normalized_ref_no
 )
),
final_payables AS (
 ----------------------------------------------------------
 -- Combine Opening + Transaction Bills
 ----------------------------------------------------------
 SELECT
 ledger_guid,
 party_name,
 ref_no,
 bill_date,
 bill_credit_period,
 due_date,
 opening_amount,
 transaction_amount,
 closing_balance
 FROM opening_adjusted_bills
 UNION ALL
 SELECT
 ledger_guid,
 party_name,
 ref_no,
 bill_date,
 bill_credit_period,
 due_date,
 opening_amount,
 transaction_amount,
 closing_balance
 FROM transaction_only_bills
),
final_bill_closing AS (
 ----------------------------------------------------------
 -- Final Consolidated Bill Closing
 ----------------------------------------------------------
 SELECT
 ledger_guid,
 party_name,
 UPPER(TRIM(ref_no)) AS normalized_ref_no,
 MIN(ref_no) AS ref_no,
 MIN(bill_date) AS bill_date,
 MAX(bill_credit_period) AS bill_credit_period,
 MIN(due_date) AS due_date,
 ROUND(SUM(opening_amount), 2) AS opening_amount,
 ROUND(SUM(transaction_amount), 2) AS transaction_amount,
 ROUND(SUM(closing_balance), 2) AS closing_balance
 FROM final_payables
 GROUP BY
 ledger_guid,
 party_name,
 UPPER(TRIM(ref_no))
)
--------------------------------------------------------------
-- Final Pending Payables
--------------------------------------------------------------
SELECT
 party_name,
 ref_no,
 bill_date,
 bill_credit_period,
 due_date,
 CASE
 WHEN (CURRENT_DATE::date - due_date) < 0
 THEN 'On Track'
 WHEN (CURRENT_DATE::date - due_date) = 0
 THEN 'Due Today'
 ELSE 'Overdue'
 END AS due_status,
 CASE
 WHEN (CURRENT_DATE::date - due_date) <= 30
 THEN 'LOW RISK'
 WHEN (CURRENT_DATE::date - due_date) BETWEEN 31 AND 90
 THEN 'MEDIUM RISK'
 ELSE 'HIGH RISK'
 END AS risk_level,
 opening_amount,
 transaction_amount,
 ABS(closing_balance) AS payable_amount,
 CASE
 WHEN (CURRENT_DATE::date - due_date) <= 30
 THEN ABS(closing_balance)
 ELSE 0
 END AS ""< 30 days"",
 CASE
 WHEN (CURRENT_DATE::date - due_date) BETWEEN 31 AND 60
 THEN ABS(closing_balance)
 ELSE 0
 END AS ""30 to 60 days"",
 CASE
 WHEN (CURRENT_DATE::date - due_date) BETWEEN 61 AND 90
 THEN ABS(closing_balance)
 ELSE 0
 END AS ""60 to 90 days"",
 CASE
 WHEN (CURRENT_DATE::date - due_date) > 90
 THEN ABS(closing_balance)
 ELSE 0
 END AS ""> 90 days""
FROM final_bill_closing
WHERE
 ----------------------------------------------------------
 -- Pending Payable Bills
 ----------------------------------------------------------
 ROUND(closing_balance, 2) > 0
 ----------------------------------------------------------
 -- Remove Fully Cleared Bills
 ----------------------------------------------------------
 AND ROUND(closing_balance, 2) <> 0
ORDER BY
 payable_amount DESC,
 party_name,
 bill_date,
 ref_no;"
G207,Show vendor Payable with risk level and due status,"WITH opening_bills AS (
 ----------------------------------------------------------
 -- Proper Opening Bill Allocations
 ----------------------------------------------------------
 SELECT
 ml.guid AS ledger_guid,
 ml.name AS party_name,
 UPPER(TRIM(ob.name)) AS normalized_ref_no,
 TRIM(ob.name) AS ref_no,
 ob.bill_date,
 COALESCE(ob.bill_credit_period,0) AS bill_credit_period,
 (
 ob.bill_date +
 (
 COALESCE(ob.bill_credit_period,0)
 || ' days'
 )::interval
 )::date AS due_date,
 ROUND(ob.opening_balance, 2) AS opening_amount
 FROM mst_opening_bill_allocation ob
 JOIN mst_ledger ml
 ON ob._ledger = ml.guid
 WHERE
 ------------------------------------------------------
 -- Remove Empty Bill Names
 ------------------------------------------------------
 TRIM(COALESCE(ob.name, '')) <> ''
 ------------------------------------------------------
 -- Exclude On Account
 ------------------------------------------------------
 AND UPPER(TRIM(ob.name)) <> 'ON ACCOUNT'
),
transaction_bills AS (
 ----------------------------------------------------------
 -- All Bill Transactions
 ----------------------------------------------------------
 SELECT
 l.guid AS ledger_guid,
 l.name AS party_name,
 UPPER(TRIM(b.name)) AS normalized_ref_no,
 TRIM(b.name) AS ref_no,
 MIN(v.date) AS bill_date,
 MAX(
 COALESCE(
 b.bill_credit_period,
 l.bill_credit_period,
 0
 )
 ) AS bill_credit_period,
 MIN(
 (
 v.date +
 (
 COALESCE(
 b.bill_credit_period,
 l.bill_credit_period,
 0
 ) || ' days'
 )::interval
 )::date
 ) AS due_date,
 ROUND(SUM(b.amount), 2) AS transaction_amount
 FROM trn_bill b
 JOIN mst_ledger l
 ON b._ledger = l.guid
 JOIN trn_voucher v
 ON b.guid = v.guid
 WHERE
 v.is_order_voucher = 0
 ------------------------------------------------------
 -- Remove Empty Bill Names
 ------------------------------------------------------
 AND TRIM(COALESCE(b.name, '')) <> ''
 ------------------------------------------------------
 -- Exclude On Account
 ------------------------------------------------------
 AND UPPER(TRIM(b.name)) <> 'ON ACCOUNT'
 GROUP BY
 l.guid,
 l.name,
 UPPER(TRIM(b.name)),
 TRIM(b.name)
),
opening_adjusted_bills AS (
 ----------------------------------------------------------
 -- Net Opening Bills Against Same Bill Ref
 ----------------------------------------------------------
 SELECT
 ob.ledger_guid,
 ob.party_name,
 ob.ref_no,
 ob.bill_date,
 ob.bill_credit_period,
 ob.due_date,
 ROUND(ob.opening_amount, 2) AS opening_amount,
 ROUND(
 COALESCE(tb.transaction_amount, 0),
 2) AS transaction_amount,
 ROUND(
 ob.opening_amount
 +
 COALESCE(tb.transaction_amount, 0),
 2) AS closing_balance
 FROM opening_bills ob
 LEFT JOIN transaction_bills tb
 ON ob.ledger_guid = tb.ledger_guid
 ------------------------------------------------------
 -- Proper Ref Matching
 ------------------------------------------------------
 AND ob.normalized_ref_no = tb.normalized_ref_no
),
transaction_only_bills AS (
 ----------------------------------------------------------
 -- Bills Existing Only In Transactions
 ----------------------------------------------------------
 SELECT
 tb.ledger_guid,
 tb.party_name,
 tb.ref_no,
 tb.bill_date,
 tb.bill_credit_period,
 tb.due_date,
 0 AS opening_amount,
 ROUND(tb.transaction_amount, 2) AS transaction_amount,
 ROUND(tb.transaction_amount, 2) AS closing_balance
 FROM transaction_bills tb
 WHERE NOT EXISTS (
 SELECT 1
 FROM opening_bills ob
 WHERE
 ob.ledger_guid = tb.ledger_guid
 --------------------------------------------------
 -- Proper Ref Matching
 --------------------------------------------------
 AND ob.normalized_ref_no = tb.normalized_ref_no
 )
),
final_payables AS (
 ----------------------------------------------------------
 -- Combine Opening + Transaction Bills
 ----------------------------------------------------------
 SELECT
 ledger_guid,
 party_name,
 ref_no,
 bill_date,
 bill_credit_period,
 due_date,
 opening_amount,
 transaction_amount,
 closing_balance
 FROM opening_adjusted_bills
 UNION ALL
 SELECT
 ledger_guid,
 party_name,
 ref_no,
 bill_date,
 bill_credit_period,
 due_date,
 opening_amount,
 transaction_amount,
 closing_balance
 FROM transaction_only_bills
),
final_bill_closing AS (
 ----------------------------------------------------------
 -- Final Consolidated Bill Closing
 ----------------------------------------------------------
 SELECT
 ledger_guid,
 party_name,
 UPPER(TRIM(ref_no)) AS normalized_ref_no,
 MIN(ref_no) AS ref_no,
 MIN(bill_date) AS bill_date,
 MAX(bill_credit_period) AS bill_credit_period,
 MIN(due_date) AS due_date,
 ROUND(SUM(opening_amount), 2) AS opening_amount,
 ROUND(SUM(transaction_amount), 2) AS transaction_amount,
 ROUND(SUM(closing_balance), 2) AS closing_balance
 FROM final_payables
 GROUP BY
 ledger_guid,
 party_name,
 UPPER(TRIM(ref_no))
)
--------------------------------------------------------------
-- Final Pending Payables
--------------------------------------------------------------
SELECT
 party_name,
 ref_no,
 bill_date,
 bill_credit_period,
 due_date,
 (CURRENT_DATE::date - due_date) AS due_days,
 CASE
 WHEN (CURRENT_DATE::date - due_date) < 0
 THEN 'On Track'
 WHEN (CURRENT_DATE::date - due_date) = 0
 THEN 'Due Today'
 ELSE 'Overdue'
 END AS due_status,
 CASE
 WHEN (CURRENT_DATE::date - due_date) <= 30
 THEN 'LOW RISK'
 WHEN (CURRENT_DATE::date - due_date) BETWEEN 31 AND 90
 THEN 'MEDIUM RISK'
 ELSE 'HIGH RISK'
 END AS risk_level,
 opening_amount,
 transaction_amount,
 ABS(closing_balance) AS payable_amount,
 CASE
 WHEN (CURRENT_DATE::date - due_date) <= 30
 THEN ABS(closing_balance)
 ELSE 0
 END AS ""< 30 days"",
 CASE
 WHEN (CURRENT_DATE::date - due_date) BETWEEN 31 AND 60
 THEN ABS(closing_balance)
 ELSE 0
 END AS ""30 to 60 days"",
 CASE
 WHEN (CURRENT_DATE::date - due_date) BETWEEN 61 AND 90
 THEN ABS(closing_balance)
 ELSE 0
 END AS ""60 to 90 days"",
 CASE
 WHEN (CURRENT_DATE::date - due_date) > 90
 THEN ABS(closing_balance)
 ELSE 0
 END AS ""> 90 days""
FROM final_bill_closing
WHERE
 ----------------------------------------------------------
 -- Pending Payable Bills
 ----------------------------------------------------------
 ROUND(closing_balance, 2) > 0
 ----------------------------------------------------------
 -- Remove Fully Cleared Bills
 ----------------------------------------------------------
 AND ROUND(closing_balance, 2) <> 0
ORDER BY
 payable_amount DESC,
 party_name,
 bill_date,
 ref_no;"
G208,Which vendor are on track with payments?,"WITH opening_bills AS (
 ----------------------------------------------------------
 -- Proper Opening Bill Allocations
 ----------------------------------------------------------
 SELECT
 ml.guid AS ledger_guid,
 ml.name AS party_name,
 UPPER(TRIM(ob.name)) AS normalized_ref_no,
 TRIM(ob.name) AS ref_no,
 ob.bill_date,
 COALESCE(ob.bill_credit_period,0) AS bill_credit_period,
 (
 ob.bill_date +
 (
 COALESCE(ob.bill_credit_period,0)
 || ' days'
 )::interval
 )::date AS due_date,
 ROUND(ob.opening_balance, 2) AS opening_amount
 FROM mst_opening_bill_allocation ob
 JOIN mst_ledger ml
 ON ob._ledger = ml.guid
 WHERE
 ------------------------------------------------------
 -- Remove Empty Bill Names
 ------------------------------------------------------
 TRIM(COALESCE(ob.name, '')) <> ''
 ------------------------------------------------------
 -- Exclude On Account
 ------------------------------------------------------
 AND UPPER(TRIM(ob.name)) <> 'ON ACCOUNT'
),
transaction_bills AS (
 ----------------------------------------------------------
 -- All Bill Transactions
 ----------------------------------------------------------
 SELECT
 l.guid AS ledger_guid,
 l.name AS party_name,
 UPPER(TRIM(b.name)) AS normalized_ref_no,
 TRIM(b.name) AS ref_no,
 MIN(v.date) AS bill_date,
 MAX(
 COALESCE(
 b.bill_credit_period,
 l.bill_credit_period,
 0
 )
 ) AS bill_credit_period,
 MIN(
 (
 v.date +
 (
 COALESCE(
 b.bill_credit_period,
 l.bill_credit_period,
 0
 ) || ' days'
 )::interval
 )::date
 ) AS due_date,
 ROUND(SUM(b.amount), 2) AS transaction_amount
 FROM trn_bill b
 JOIN mst_ledger l
 ON b._ledger = l.guid
 JOIN trn_voucher v
 ON b.guid = v.guid
 WHERE
 v.is_order_voucher = 0
 ------------------------------------------------------
 -- Remove Empty Bill Names
 ------------------------------------------------------
 AND TRIM(COALESCE(b.name, '')) <> ''
 ------------------------------------------------------
 -- Exclude On Account
 ------------------------------------------------------
 AND UPPER(TRIM(b.name)) <> 'ON ACCOUNT'
 GROUP BY
 l.guid,
 l.name,
 UPPER(TRIM(b.name)),
 TRIM(b.name)
),
opening_adjusted_bills AS (
 ----------------------------------------------------------
 -- Net Opening Bills Against Same Bill Ref
 ----------------------------------------------------------
 SELECT
 ob.ledger_guid,
 ob.party_name,
 ob.ref_no,
 ob.bill_date,
 ob.bill_credit_period,
 ob.due_date,
 ROUND(ob.opening_amount, 2) AS opening_amount,
 ROUND(
 COALESCE(tb.transaction_amount, 0),
 2) AS transaction_amount,
 ROUND(
 ob.opening_amount
 +
 COALESCE(tb.transaction_amount, 0),
 2) AS closing_balance
 FROM opening_bills ob
 LEFT JOIN transaction_bills tb
 ON ob.ledger_guid = tb.ledger_guid
 ------------------------------------------------------
 -- Proper Ref Matching
 ------------------------------------------------------
 AND ob.normalized_ref_no = tb.normalized_ref_no
),
transaction_only_bills AS (
 ----------------------------------------------------------
 -- Bills Existing Only In Transactions
 ----------------------------------------------------------
 SELECT
 tb.ledger_guid,
 tb.party_name,
 tb.ref_no,
 tb.bill_date,
 tb.bill_credit_period,
 tb.due_date,
 0 AS opening_amount,
 ROUND(tb.transaction_amount, 2) AS transaction_amount,
 ROUND(tb.transaction_amount, 2) AS closing_balance
 FROM transaction_bills tb
 WHERE NOT EXISTS (
 SELECT 1
 FROM opening_bills ob
 WHERE
 ob.ledger_guid = tb.ledger_guid
 --------------------------------------------------
 -- Proper Ref Matching
 --------------------------------------------------
 AND ob.normalized_ref_no = tb.normalized_ref_no
 )
),
final_payables AS (
 ----------------------------------------------------------
 -- Combine Opening + Transaction Bills
 ----------------------------------------------------------
 SELECT
 ledger_guid,
 party_name,
 ref_no,
 bill_date,
 bill_credit_period,
 due_date,
 opening_amount,
 transaction_amount,
 closing_balance
 FROM opening_adjusted_bills
 UNION ALL
 SELECT
 ledger_guid,
 party_name,
 ref_no,
 bill_date,
 bill_credit_period,
 due_date,
 opening_amount,
 transaction_amount,
 closing_balance
 FROM transaction_only_bills
),
final_bill_closing AS (
 ----------------------------------------------------------
 -- Final Consolidated Bill Closing
 ----------------------------------------------------------
 SELECT
 ledger_guid,
 party_name,
 UPPER(TRIM(ref_no)) AS normalized_ref_no,
 MIN(ref_no) AS ref_no,
 MIN(bill_date) AS bill_date,
 MAX(bill_credit_period) AS bill_credit_period,
 MIN(due_date) AS due_date,
 ROUND(SUM(opening_amount), 2) AS opening_amount,
 ROUND(SUM(transaction_amount), 2) AS transaction_amount,
 ROUND(SUM(closing_balance), 2) AS closing_balance
 FROM final_payables
 GROUP BY
 ledger_guid,
 party_name,
 UPPER(TRIM(ref_no))
)
--------------------------------------------------------------
-- Final Pending Payables
--------------------------------------------------------------
SELECT
 party_name,
 ref_no,
 bill_date,
 bill_credit_period,
 due_date,
 CASE
 WHEN (CURRENT_DATE::date - due_date) < 0
 THEN 'On Track'
 WHEN (CURRENT_DATE::date - due_date) = 0
 THEN 'Due Today'
 ELSE 'Overdue'
 END AS due_status,
 CASE
 WHEN (CURRENT_DATE::date - due_date) <= 30
 THEN 'LOW RISK'
 WHEN (CURRENT_DATE::date - due_date) BETWEEN 31 AND 90
 THEN 'MEDIUM RISK'
 ELSE 'HIGH RISK'
 END AS risk_level,
 opening_amount,
 transaction_amount,
 ABS(closing_balance) AS payable_amount,
 CASE
 WHEN (CURRENT_DATE::date - due_date) <= 30
 THEN ABS(closing_balance)
 ELSE 0
 END AS ""< 30 days"",
 CASE
 WHEN (CURRENT_DATE::date - due_date) BETWEEN 31 AND 60
 THEN ABS(closing_balance)
 ELSE 0
 END AS ""30 to 60 days"",
 CASE
 WHEN (CURRENT_DATE::date - due_date) BETWEEN 61 AND 90
 THEN ABS(closing_balance)
 ELSE 0
 END AS ""60 to 90 days"",
 CASE
 WHEN (CURRENT_DATE::date - due_date) > 90
 THEN ABS(closing_balance)
 ELSE 0
 END AS ""> 90 days""
FROM final_bill_closing
WHERE
 ----------------------------------------------------------
 -- Pending Payable Bills
 ----------------------------------------------------------
 ROUND(closing_balance, 2) > 0
 ----------------------------------------------------------
 -- Remove Fully Cleared Bills
 ----------------------------------------------------------
 AND ROUND(closing_balance, 2) <> 0
ORDER BY
 payable_amount DESC,
 party_name,
 bill_date,
 ref_no;"
G209,Show open invoices vendor-wise.,"WITH opening_bills AS (
 ----------------------------------------------------------
 -- Proper Opening Bill Allocations
 ----------------------------------------------------------
 SELECT
 ml.guid AS ledger_guid,
 ml.name AS party_name,
 UPPER(TRIM(ob.name)) AS normalized_ref_no,
 TRIM(ob.name) AS ref_no,
 ob.bill_date,
 COALESCE(ob.bill_credit_period,0) AS bill_credit_period,
 (
 ob.bill_date +
 (
 COALESCE(ob.bill_credit_period,0)
 || ' days'
 )::interval
 )::date AS due_date,
 ROUND(ob.opening_balance, 2) AS opening_amount
 FROM mst_opening_bill_allocation ob
 JOIN mst_ledger ml
 ON ob._ledger = ml.guid
 WHERE
 ------------------------------------------------------
 -- Remove Empty Bill Names
 ------------------------------------------------------
 TRIM(COALESCE(ob.name, '')) <> ''
 ------------------------------------------------------
 -- Exclude On Account
 ------------------------------------------------------
 AND UPPER(TRIM(ob.name)) <> 'ON ACCOUNT'
),
transaction_bills AS (
 ----------------------------------------------------------
 -- All Bill Transactions
 ----------------------------------------------------------
 SELECT
 l.guid AS ledger_guid,
 l.name AS party_name,
 UPPER(TRIM(b.name)) AS normalized_ref_no,
 TRIM(b.name) AS ref_no,
 MIN(v.date) AS bill_date,
 MAX(
 COALESCE(
 b.bill_credit_period,
 l.bill_credit_period,
 0
 )
 ) AS bill_credit_period,
 MIN(
 (
 v.date +
 (
 COALESCE(
 b.bill_credit_period,
 l.bill_credit_period,
 0
 ) || ' days'
 )::interval
 )::date
 ) AS due_date,
 ROUND(SUM(b.amount), 2) AS transaction_amount
 FROM trn_bill b
 JOIN mst_ledger l
 ON b._ledger = l.guid
 JOIN trn_voucher v
 ON b.guid = v.guid
 WHERE
 v.is_order_voucher = 0
 ------------------------------------------------------
 -- Remove Empty Bill Names
 ------------------------------------------------------
 AND TRIM(COALESCE(b.name, '')) <> ''
 ------------------------------------------------------
 -- Exclude On Account
 ------------------------------------------------------
 AND UPPER(TRIM(b.name)) <> 'ON ACCOUNT'
 GROUP BY
 l.guid,
 l.name,
 UPPER(TRIM(b.name)),
 TRIM(b.name)
),
opening_adjusted_bills AS (
 ----------------------------------------------------------
 -- Net Opening Bills Against Same Bill Ref
 ----------------------------------------------------------
 SELECT
 ob.ledger_guid,
 ob.party_name,
 ob.ref_no,
 ob.bill_date,
 ob.bill_credit_period,
 ob.due_date,
 ROUND(ob.opening_amount, 2) AS opening_amount,
 ROUND(
 COALESCE(tb.transaction_amount, 0),
 2) AS transaction_amount,
 ROUND(
 ob.opening_amount
 +
 COALESCE(tb.transaction_amount, 0),
 2) AS closing_balance
 FROM opening_bills ob
 LEFT JOIN transaction_bills tb
 ON ob.ledger_guid = tb.ledger_guid
 ------------------------------------------------------
 -- Proper Ref Matching
 ------------------------------------------------------
 AND ob.normalized_ref_no = tb.normalized_ref_no
),
transaction_only_bills AS (
 ----------------------------------------------------------
 -- Bills Existing Only In Transactions
 ----------------------------------------------------------
 SELECT
 tb.ledger_guid,
 tb.party_name,
 tb.ref_no,
 tb.bill_date,
 tb.bill_credit_period,
 tb.due_date,
 0 AS opening_amount,
 ROUND(tb.transaction_amount, 2) AS transaction_amount,
 ROUND(tb.transaction_amount, 2) AS closing_balance
 FROM transaction_bills tb
 WHERE NOT EXISTS (
 SELECT 1
 FROM opening_bills ob
 WHERE
 ob.ledger_guid = tb.ledger_guid
 --------------------------------------------------
 -- Proper Ref Matching
 --------------------------------------------------
 AND ob.normalized_ref_no = tb.normalized_ref_no
 )
),
final_payables AS (
 ----------------------------------------------------------
 -- Combine Opening + Transaction Bills
 ----------------------------------------------------------
 SELECT
 ledger_guid,
 party_name,
 ref_no,
 bill_date,
 bill_credit_period,
 due_date,
 opening_amount,
 transaction_amount,
 closing_balance
 FROM opening_adjusted_bills
 UNION ALL
 SELECT
 ledger_guid,
 party_name,
 ref_no,
 bill_date,
 bill_credit_period,
 due_date,
 opening_amount,
 transaction_amount,
 closing_balance
 FROM transaction_only_bills
),
final_bill_closing AS (
 ----------------------------------------------------------
 -- Final Consolidated Bill Closing
 ----------------------------------------------------------
 SELECT
 ledger_guid,
 party_name,
 UPPER(TRIM(ref_no)) AS normalized_ref_no,
 MIN(ref_no) AS ref_no,
 MIN(bill_date) AS bill_date,
 MAX(bill_credit_period) AS bill_credit_period,
 MIN(due_date) AS due_date,
 ROUND(SUM(opening_amount), 2) AS opening_amount,
 ROUND(SUM(transaction_amount), 2) AS transaction_amount,
 ROUND(SUM(closing_balance), 2) AS closing_balance
 FROM final_payables
 GROUP BY
 ledger_guid,
 party_name,
 UPPER(TRIM(ref_no))
)
--------------------------------------------------------------
-- Final Pending Payables
--------------------------------------------------------------
SELECT
 party_name,
 ref_no,
 bill_date,
 bill_credit_period,
 due_date,
 CASE
 WHEN (CURRENT_DATE::date - due_date) < 0
 THEN 'On Track'
 WHEN (CURRENT_DATE::date - due_date) = 0
 THEN 'Due Today'
 ELSE 'Overdue'
 END AS due_status,
 CASE
 WHEN (CURRENT_DATE::date - due_date) <= 30
 THEN 'LOW RISK'
 WHEN (CURRENT_DATE::date - due_date) BETWEEN 31 AND 90
 THEN 'MEDIUM RISK'
 ELSE 'HIGH RISK'
 END AS risk_level,
 opening_amount,
 transaction_amount,
 ABS(closing_balance) AS payable_amount,
 CASE
 WHEN (CURRENT_DATE::date - due_date) <= 30
 THEN ABS(closing_balance)
 ELSE 0
 END AS ""< 30 days"",
 CASE
 WHEN (CURRENT_DATE::date - due_date) BETWEEN 31 AND 60
 THEN ABS(closing_balance)
 ELSE 0
 END AS ""30 to 60 days"",
 CASE
 WHEN (CURRENT_DATE::date - due_date) BETWEEN 61 AND 90
 THEN ABS(closing_balance)
 ELSE 0
 END AS ""60 to 90 days"",
 CASE
 WHEN (CURRENT_DATE::date - due_date) > 90
 THEN ABS(closing_balance)
 ELSE 0
 END AS ""> 90 days""
FROM final_bill_closing
WHERE
 ----------------------------------------------------------
 -- Pending Payable Bills
 ----------------------------------------------------------
 ROUND(closing_balance, 2) > 0
 ----------------------------------------------------------
 -- Remove Fully Cleared Bills
 ----------------------------------------------------------
 AND ROUND(closing_balance, 2) <> 0
ORDER BY
 payable_amount DESC,
 party_name,
 bill_date,
 ref_no;"
G210,Which vendor have the highest outstanding balances?,"WITH opening_bills AS (
 ----------------------------------------------------------
 -- Proper Opening Bill Allocations
 ----------------------------------------------------------
 SELECT
 ml.guid AS ledger_guid,
 ml.name AS party_name,
 UPPER(TRIM(ob.name)) AS normalized_ref_no,
 TRIM(ob.name) AS ref_no,
 ob.bill_date,
 COALESCE(ob.bill_credit_period,0) AS bill_credit_period,
 (
 ob.bill_date +
 (
 COALESCE(ob.bill_credit_period,0)
 || ' days'
 )::interval
 )::date AS due_date,
 ROUND(ob.opening_balance, 2) AS opening_amount
 FROM mst_opening_bill_allocation ob
 JOIN mst_ledger ml
 ON ob._ledger = ml.guid
 WHERE
 ------------------------------------------------------
 -- Remove Empty Bill Names
 ------------------------------------------------------
 TRIM(COALESCE(ob.name, '')) <> ''
 ------------------------------------------------------
 -- Exclude On Account
 ------------------------------------------------------
 AND UPPER(TRIM(ob.name)) <> 'ON ACCOUNT'
),
transaction_bills AS (
 ----------------------------------------------------------
 -- All Bill Transactions
 ----------------------------------------------------------
 SELECT
 l.guid AS ledger_guid,
 l.name AS party_name,
 UPPER(TRIM(b.name)) AS normalized_ref_no,
 TRIM(b.name) AS ref_no,
 MIN(v.date) AS bill_date,
 MAX(
 COALESCE(
 b.bill_credit_period,
 l.bill_credit_period,
 0
 )
 ) AS bill_credit_period,
 MIN(
 (
 v.date +
 (
 COALESCE(
 b.bill_credit_period,
 l.bill_credit_period,
 0
 ) || ' days'
 )::interval
 )::date
 ) AS due_date,
 ROUND(SUM(b.amount), 2) AS transaction_amount
 FROM trn_bill b
 JOIN mst_ledger l
 ON b._ledger = l.guid
 JOIN trn_voucher v
 ON b.guid = v.guid
 WHERE
 v.is_order_voucher = 0
 ------------------------------------------------------
 -- Remove Empty Bill Names
 ------------------------------------------------------
 AND TRIM(COALESCE(b.name, '')) <> ''
 ------------------------------------------------------
 -- Exclude On Account
 ------------------------------------------------------
 AND UPPER(TRIM(b.name)) <> 'ON ACCOUNT'
 GROUP BY
 l.guid,
 l.name,
 UPPER(TRIM(b.name)),
 TRIM(b.name)
),
opening_adjusted_bills AS (
 ----------------------------------------------------------
 -- Net Opening Bills Against Same Bill Ref
 ----------------------------------------------------------
 SELECT
 ob.ledger_guid,
 ob.party_name,
 ob.ref_no,
 ob.bill_date,
 ob.bill_credit_period,
 ob.due_date,
 ROUND(ob.opening_amount, 2) AS opening_amount,
 ROUND(
 COALESCE(tb.transaction_amount, 0),
 2) AS transaction_amount,
 ROUND(
 ob.opening_amount
 +
 COALESCE(tb.transaction_amount, 0),
 2) AS closing_balance
 FROM opening_bills ob
 LEFT JOIN transaction_bills tb
 ON ob.ledger_guid = tb.ledger_guid
 ------------------------------------------------------
 -- Proper Ref Matching
 ------------------------------------------------------
 AND ob.normalized_ref_no = tb.normalized_ref_no
),
transaction_only_bills AS (
 ----------------------------------------------------------
 -- Bills Existing Only In Transactions
 ----------------------------------------------------------
 SELECT
 tb.ledger_guid,
 tb.party_name,
 tb.ref_no,
 tb.bill_date,
 tb.bill_credit_period,
 tb.due_date,
 0 AS opening_amount,
 ROUND(tb.transaction_amount, 2) AS transaction_amount,
 ROUND(tb.transaction_amount, 2) AS closing_balance
 FROM transaction_bills tb
 WHERE NOT EXISTS (
 SELECT 1
 FROM opening_bills ob
 WHERE
 ob.ledger_guid = tb.ledger_guid
 --------------------------------------------------
 -- Proper Ref Matching
 --------------------------------------------------
 AND ob.normalized_ref_no = tb.normalized_ref_no
 )
),
final_payables AS (
 ----------------------------------------------------------
 -- Combine Opening + Transaction Bills
 ----------------------------------------------------------
 SELECT
 ledger_guid,
 party_name,
 ref_no,
 bill_date,
 bill_credit_period,
 due_date,
 opening_amount,
 transaction_amount,
 closing_balance
 FROM opening_adjusted_bills
 UNION ALL
 SELECT
 ledger_guid,
 party_name,
 ref_no,
 bill_date,
 bill_credit_period,
 due_date,
 opening_amount,
 transaction_amount,
 closing_balance
 FROM transaction_only_bills
),
final_bill_closing AS (
 ----------------------------------------------------------
 -- Final Consolidated Bill Closing
 ----------------------------------------------------------
 SELECT
 ledger_guid,
 party_name,
 UPPER(TRIM(ref_no)) AS normalized_ref_no,
 MIN(ref_no) AS ref_no,
 MIN(bill_date) AS bill_date,
 MAX(bill_credit_period) AS bill_credit_period,
 MIN(due_date) AS due_date,
 ROUND(SUM(opening_amount), 2) AS opening_amount,
 ROUND(SUM(transaction_amount), 2) AS transaction_amount,
 ROUND(SUM(closing_balance), 2) AS closing_balance
 FROM final_payables
 GROUP BY
 ledger_guid,
 party_name,
 UPPER(TRIM(ref_no))
)
--------------------------------------------------------------
-- Final Pending Payables
--------------------------------------------------------------
SELECT
 party_name,
 ref_no,
 bill_date,
 bill_credit_period,
 due_date,
 CASE
 WHEN (CURRENT_DATE::date - due_date) < 0
 THEN 'On Track'
 WHEN (CURRENT_DATE::date - due_date) = 0
 THEN 'Due Today'
 ELSE 'Overdue'
 END AS due_status,
 CASE
 WHEN (CURRENT_DATE::date - due_date) <= 30
 THEN 'LOW RISK'
 WHEN (CURRENT_DATE::date - due_date) BETWEEN 31 AND 90
 THEN 'MEDIUM RISK'
 ELSE 'HIGH RISK'
 END AS risk_level,
 opening_amount,
 transaction_amount,
 ABS(closing_balance) AS payable_amount,
 CASE
 WHEN (CURRENT_DATE::date - due_date) <= 30
 THEN ABS(closing_balance)
 ELSE 0
 END AS ""< 30 days"",
 CASE
 WHEN (CURRENT_DATE::date - due_date) BETWEEN 31 AND 60
 THEN ABS(closing_balance)
 ELSE 0
 END AS ""30 to 60 days"",
 CASE
 WHEN (CURRENT_DATE::date - due_date) BETWEEN 61 AND 90
 THEN ABS(closing_balance)
 ELSE 0
 END AS ""60 to 90 days"",
 CASE
 WHEN (CURRENT_DATE::date - due_date) > 90
 THEN ABS(closing_balance)
 ELSE 0
 END AS ""> 90 days""
FROM final_bill_closing
WHERE
 ----------------------------------------------------------
 -- Pending Payable Bills
 ----------------------------------------------------------
 ROUND(closing_balance, 2) > 0
 ----------------------------------------------------------
 -- Remove Fully Cleared Bills
 ----------------------------------------------------------
 AND ROUND(closing_balance, 2) <> 0
ORDER BY
 payable_amount DESC,
 party_name,
 bill_date,
 ref_no;"
G211,Which vendor invoices are due within the next 7 days?,"WITH opening_bills AS (
 ----------------------------------------------------------
 -- Proper Opening Bill Allocations
 ----------------------------------------------------------
 SELECT
 ml.guid AS ledger_guid,
 ml.name AS party_name,
 UPPER(TRIM(ob.name)) AS normalized_ref_no,
 TRIM(ob.name) AS ref_no,
 ob.bill_date,
 COALESCE(ob.bill_credit_period,0) AS bill_credit_period,
 (
 ob.bill_date +
 (
 COALESCE(ob.bill_credit_period,0)
 || ' days'
 )::interval
 )::date AS due_date,
 ROUND(ob.opening_balance, 2) AS opening_amount
 FROM mst_opening_bill_allocation ob
 JOIN mst_ledger ml
 ON ob._ledger = ml.guid
 WHERE
 ------------------------------------------------------
 -- Remove Empty Bill Names
 ------------------------------------------------------
 TRIM(COALESCE(ob.name, '')) <> ''
 ------------------------------------------------------
 -- Exclude On Account
 ------------------------------------------------------
 AND UPPER(TRIM(ob.name)) <> 'ON ACCOUNT'
),
transaction_bills AS (
 ----------------------------------------------------------
 -- All Bill Transactions
 ----------------------------------------------------------
 SELECT
 l.guid AS ledger_guid,
 l.name AS party_name,
 UPPER(TRIM(b.name)) AS normalized_ref_no,
 TRIM(b.name) AS ref_no,
 MIN(v.date) AS bill_date,
 MAX(
 COALESCE(
 b.bill_credit_period,
 l.bill_credit_period,
 0
 )
 ) AS bill_credit_period,
 MIN(
 (
 v.date +
 (
 COALESCE(
 b.bill_credit_period,
 l.bill_credit_period,
 0
 ) || ' days'
 )::interval
 )::date
 ) AS due_date,
 ROUND(SUM(b.amount), 2) AS transaction_amount
 FROM trn_bill b
 JOIN mst_ledger l
 ON b._ledger = l.guid
 JOIN trn_voucher v
 ON b.guid = v.guid
 WHERE
 v.is_order_voucher = 0
 ------------------------------------------------------
 -- Remove Empty Bill Names
 ------------------------------------------------------
 AND TRIM(COALESCE(b.name, '')) <> ''
 ------------------------------------------------------
 -- Exclude On Account
 ------------------------------------------------------
 AND UPPER(TRIM(b.name)) <> 'ON ACCOUNT'
 GROUP BY
 l.guid,
 l.name,
 UPPER(TRIM(b.name)),
 TRIM(b.name)
),
opening_adjusted_bills AS (
 ----------------------------------------------------------
 -- Net Opening Bills Against Same Bill Ref
 ----------------------------------------------------------
 SELECT
 ob.ledger_guid,
 ob.party_name,
 ob.ref_no,
 ob.bill_date,
 ob.bill_credit_period,
 ob.due_date,
 ROUND(ob.opening_amount, 2) AS opening_amount,
 ROUND(
 COALESCE(tb.transaction_amount, 0),
 2) AS transaction_amount,
 ROUND(
 ob.opening_amount
 +
 COALESCE(tb.transaction_amount, 0),
 2) AS closing_balance
 FROM opening_bills ob
 LEFT JOIN transaction_bills tb
 ON ob.ledger_guid = tb.ledger_guid
 ------------------------------------------------------
 -- Proper Ref Matching
 ------------------------------------------------------
 AND ob.normalized_ref_no = tb.normalized_ref_no
),
transaction_only_bills AS (
 ----------------------------------------------------------
 -- Bills Existing Only In Transactions
 ----------------------------------------------------------
 SELECT
 tb.ledger_guid,
 tb.party_name,
 tb.ref_no,
 tb.bill_date,
 tb.bill_credit_period,
 tb.due_date,
 0 AS opening_amount,
 ROUND(tb.transaction_amount, 2) AS transaction_amount,
 ROUND(tb.transaction_amount, 2) AS closing_balance
 FROM transaction_bills tb
 WHERE NOT EXISTS (
 SELECT 1
 FROM opening_bills ob
 WHERE
 ob.ledger_guid = tb.ledger_guid
 --------------------------------------------------
 -- Proper Ref Matching
 --------------------------------------------------
 AND ob.normalized_ref_no = tb.normalized_ref_no
 )
),
final_payables AS (
 ----------------------------------------------------------
 -- Combine Opening + Transaction Bills
 ----------------------------------------------------------
 SELECT
 ledger_guid,
 party_name,
 ref_no,
 bill_date,
 bill_credit_period,
 due_date,
 opening_amount,
 transaction_amount,
 closing_balance
 FROM opening_adjusted_bills
 UNION ALL
 SELECT
 ledger_guid,
 party_name,
 ref_no,
 bill_date,
 bill_credit_period,
 due_date,
 opening_amount,
 transaction_amount,
 closing_balance
 FROM transaction_only_bills
),
final_bill_closing AS (
 ----------------------------------------------------------
 -- Final Consolidated Bill Closing
 ----------------------------------------------------------
 SELECT
 ledger_guid,
 party_name,
 UPPER(TRIM(ref_no)) AS normalized_ref_no,
 MIN(ref_no) AS ref_no,
 MIN(bill_date) AS bill_date,
 MAX(bill_credit_period) AS bill_credit_period,
 MIN(due_date) AS due_date,
 ROUND(SUM(opening_amount), 2) AS opening_amount,
 ROUND(SUM(transaction_amount), 2) AS transaction_amount,
 ROUND(SUM(closing_balance), 2) AS closing_balance
 FROM final_payables
 GROUP BY
 ledger_guid,
 party_name,
 UPPER(TRIM(ref_no))
)
--------------------------------------------------------------
-- Final Pending Payables
--------------------------------------------------------------
SELECT
 party_name,
 ref_no,
 bill_date,
 bill_credit_period,
 due_date,
 CASE
 WHEN (CURRENT_DATE::date - due_date) < 0
 THEN 'On Track'
 WHEN (CURRENT_DATE::date - due_date) = 0
 THEN 'Due Today'
 ELSE 'Overdue'
 END AS due_status,
 CASE
 WHEN (CURRENT_DATE::date - due_date) <= 30
 THEN 'LOW RISK'
 WHEN (CURRENT_DATE::date - due_date) BETWEEN 31 AND 90
 THEN 'MEDIUM RISK'
 ELSE 'HIGH RISK'
 END AS risk_level,
 opening_amount,
 transaction_amount,
 ABS(closing_balance) AS payable_amount,
 CASE
 WHEN (CURRENT_DATE::date - due_date) <= 30
 THEN ABS(closing_balance)
 ELSE 0
 END AS ""< 30 days"",
 CASE
 WHEN (CURRENT_DATE::date - due_date) BETWEEN 31 AND 60
 THEN ABS(closing_balance)
 ELSE 0
 END AS ""30 to 60 days"",
 CASE
 WHEN (CURRENT_DATE::date - due_date) BETWEEN 61 AND 90
 THEN ABS(closing_balance)
 ELSE 0
 END AS ""60 to 90 days"",
 CASE
 WHEN (CURRENT_DATE::date - due_date) > 90
 THEN ABS(closing_balance)
 ELSE 0
 END AS ""> 90 days""
FROM final_bill_closing
WHERE
 ----------------------------------------------------------
 -- Pending Payable Bills
 ----------------------------------------------------------
 ROUND(closing_balance, 2) > 0
 ----------------------------------------------------------
 -- Remove Fully Cleared Bills
 ----------------------------------------------------------
 AND ROUND(closing_balance, 2) <> 0
ORDER BY
 payable_amount DESC,
 party_name,
 bill_date,
 ref_no;"
G212,Which vendor have invoices overdue between 30 and 60 days?,"WITH opening_bills AS (
 ----------------------------------------------------------
 -- Proper Opening Bill Allocations
 ----------------------------------------------------------
 SELECT
 ml.guid AS ledger_guid,
 ml.name AS party_name,
 UPPER(TRIM(ob.name)) AS normalized_ref_no,
 TRIM(ob.name) AS ref_no,
 ob.bill_date,
 ROUND(ob.opening_balance, 2) AS opening_amount
 FROM mst_opening_bill_allocation ob
 JOIN mst_ledger ml
 ON ob._ledger = ml.guid
 WHERE
 ------------------------------------------------------
 -- Remove Empty Bill Names
 ------------------------------------------------------
 TRIM(COALESCE(ob.name, '')) <> ''
 ------------------------------------------------------
 -- Exclude On Account
 ------------------------------------------------------
 AND UPPER(TRIM(ob.name)) <> 'ON ACCOUNT'
),
transaction_bills AS (
 ----------------------------------------------------------
 -- All Bill Transactions
 ----------------------------------------------------------
 SELECT
 l.guid AS ledger_guid,
 l.name AS party_name,
 UPPER(TRIM(b.name)) AS normalized_ref_no,
 TRIM(b.name) AS ref_no,
 MIN(v.date) AS bill_date,
 ROUND(SUM(b.amount), 2) AS transaction_amount
 FROM trn_bill b
 JOIN mst_ledger l
 ON b._ledger = l.guid
 JOIN trn_voucher v
 ON b.guid = v.guid
 WHERE
 v.is_order_voucher = 0
 ------------------------------------------------------
 -- Remove Empty Bill Names
 ------------------------------------------------------
 AND TRIM(COALESCE(b.name, '')) <> ''
 ------------------------------------------------------
 -- Exclude On Account
 ------------------------------------------------------
 AND UPPER(TRIM(b.name)) <> 'ON ACCOUNT'
 GROUP BY
 l.guid,
 l.name,
 UPPER(TRIM(b.name)),
 TRIM(b.name)
),
opening_adjusted_bills AS (
 ----------------------------------------------------------
 -- Net Opening Bills Against Same Bill Ref
 ----------------------------------------------------------
 SELECT
 ob.ledger_guid,
 ob.party_name,
 ob.ref_no,
 ob.bill_date,
 ROUND(ob.opening_amount, 2) AS opening_amount,
 ROUND(
 COALESCE(tb.transaction_amount, 0),
 2) AS transaction_amount,
 ROUND(
 ob.opening_amount
 +
 COALESCE(tb.transaction_amount, 0),
 2) AS closing_balance
 FROM opening_bills ob
 LEFT JOIN transaction_bills tb
 ON ob.ledger_guid = tb.ledger_guid
 ------------------------------------------------------
 -- Proper Ref Matching
 ------------------------------------------------------
 AND ob.normalized_ref_no = tb.normalized_ref_no
),
transaction_only_bills AS (
 ----------------------------------------------------------
 -- Bills Existing Only In Transactions
 ----------------------------------------------------------
 SELECT
 tb.ledger_guid,
 tb.party_name,
 tb.ref_no,
 tb.bill_date,
 0 AS opening_amount,
 ROUND(tb.transaction_amount, 2) AS transaction_amount,
 ROUND(tb.transaction_amount, 2) AS closing_balance
 FROM transaction_bills tb
 WHERE NOT EXISTS (
 SELECT 1
 FROM opening_bills ob
 WHERE
 ob.ledger_guid = tb.ledger_guid
 --------------------------------------------------
 -- Proper Ref Matching
 --------------------------------------------------
 AND ob.normalized_ref_no = tb.normalized_ref_no
 )
),
final_payables AS (
 ----------------------------------------------------------
 -- Combine Opening + Transaction Bills
 ----------------------------------------------------------
 SELECT
 ledger_guid,
 party_name,
 ref_no,
 bill_date,
 opening_amount,
 transaction_amount,
 closing_balance
 FROM opening_adjusted_bills
 UNION ALL
 SELECT
 ledger_guid,
 party_name,
 ref_no,
 bill_date,
 opening_amount,
 transaction_amount,
 closing_balance
 FROM transaction_only_bills
),
final_bill_closing AS (
 ----------------------------------------------------------
 -- Final Consolidated Bill Closing
 ----------------------------------------------------------
 SELECT
 ledger_guid,
 party_name,
 UPPER(TRIM(ref_no)) AS normalized_ref_no,
 MIN(ref_no) AS ref_no,
 MIN(bill_date) AS bill_date,
 ROUND(SUM(opening_amount), 2) AS opening_amount,
 ROUND(SUM(transaction_amount), 2) AS transaction_amount,
 ROUND(SUM(closing_balance), 2) AS closing_balance
 FROM final_payables
 GROUP BY
 ledger_guid,
 party_name,
 UPPER(TRIM(ref_no))
)
--------------------------------------------------------------
-- Final Party Wise Pending Payables
--------------------------------------------------------------
SELECT
 party_name,
 ROUND(
 SUM(ABS(closing_balance)),
 2) AS total_pending_payable
FROM final_bill_closing
WHERE
 ----------------------------------------------------------
 -- Pending Payable Bills
 ----------------------------------------------------------
 ROUND(closing_balance, 2) > 0
 ----------------------------------------------------------
 -- Remove Fully Cleared Bills
 ----------------------------------------------------------
 AND ROUND(closing_balance, 2) <> 0
GROUP BY
 party_name
ORDER BY
 total_pending_payable DESC,
 party_name;"
G213,Show vendor Payable with invoice details,"WITH opening_bills AS (
 ----------------------------------------------------------
 -- Proper Opening Bill Allocations
 ----------------------------------------------------------
 SELECT
 ml.guid AS ledger_guid,
 ml.name AS party_name,
 UPPER(TRIM(ob.name)) AS normalized_ref_no,
 TRIM(ob.name) AS ref_no,
 ob.bill_date,
 ROUND(ob.opening_balance, 2) AS opening_amount
 FROM mst_opening_bill_allocation ob
 JOIN mst_ledger ml
 ON ob._ledger = ml.guid
 WHERE
 ------------------------------------------------------
 -- Remove Empty Bill Names
 ------------------------------------------------------
 TRIM(COALESCE(ob.name, '')) <> ''
 ------------------------------------------------------
 -- Exclude On Account
 ------------------------------------------------------
 AND UPPER(TRIM(ob.name)) <> 'ON ACCOUNT'
),
transaction_bills AS (
 ----------------------------------------------------------
 -- All Bill Transactions
 ----------------------------------------------------------
 SELECT
 l.guid AS ledger_guid,
 l.name AS party_name,
 UPPER(TRIM(b.name)) AS normalized_ref_no,
 TRIM(b.name) AS ref_no,
 MIN(v.date) AS bill_date,
 ROUND(SUM(b.amount), 2) AS transaction_amount
 FROM trn_bill b
 JOIN mst_ledger l
 ON b._ledger = l.guid
 JOIN trn_voucher v
 ON b.guid = v.guid
 WHERE
 v.is_order_voucher = 0
 ------------------------------------------------------
 -- Remove Empty Bill Names
 ------------------------------------------------------
 AND TRIM(COALESCE(b.name, '')) <> ''
 ------------------------------------------------------
 -- Exclude On Account
 ------------------------------------------------------
 AND UPPER(TRIM(b.name)) <> 'ON ACCOUNT'
 GROUP BY
 l.guid,
 l.name,
 UPPER(TRIM(b.name)),
 TRIM(b.name)
),
opening_adjusted_bills AS (
 ----------------------------------------------------------
 -- Net Opening Bills Against Same Bill Ref
 ----------------------------------------------------------
 SELECT
 ob.ledger_guid,
 ob.party_name,
 ob.ref_no,
 ob.bill_date,
 ROUND(ob.opening_amount, 2) AS opening_amount,
 ROUND(
 COALESCE(tb.transaction_amount, 0),
 2) AS transaction_amount,
 ROUND(
 ob.opening_amount
 +
 COALESCE(tb.transaction_amount, 0),
 2) AS closing_balance
 FROM opening_bills ob
 LEFT JOIN transaction_bills tb
 ON ob.ledger_guid = tb.ledger_guid
 ------------------------------------------------------
 -- Proper Ref Matching
 ------------------------------------------------------
 AND ob.normalized_ref_no = tb.normalized_ref_no
),
transaction_only_bills AS (
 ----------------------------------------------------------
 -- Bills Existing Only In Transactions
 ----------------------------------------------------------
 SELECT
 tb.ledger_guid,
 tb.party_name,
 tb.ref_no,
 tb.bill_date,
 0 AS opening_amount,
 ROUND(tb.transaction_amount, 2) AS transaction_amount,
 ROUND(tb.transaction_amount, 2) AS closing_balance
 FROM transaction_bills tb
 WHERE NOT EXISTS (
 SELECT 1
 FROM opening_bills ob
 WHERE
 ob.ledger_guid = tb.ledger_guid
 --------------------------------------------------
 -- Proper Ref Matching
 --------------------------------------------------
 AND ob.normalized_ref_no = tb.normalized_ref_no
 )
),
final_payables AS (
 ----------------------------------------------------------
 -- Combine Opening + Transaction Bills
 ----------------------------------------------------------
 SELECT
 ledger_guid,
 party_name,
 ref_no,
 bill_date,
 opening_amount,
 transaction_amount,
 closing_balance
 FROM opening_adjusted_bills
 UNION ALL
 SELECT
 ledger_guid,
 party_name,
 ref_no,
 bill_date,
 opening_amount,
 transaction_amount,
 closing_balance
 FROM transaction_only_bills
),
final_bill_closing AS (
 ----------------------------------------------------------
 -- Final Consolidated Bill Closing
 ----------------------------------------------------------
 SELECT
 ledger_guid,
 party_name,
 UPPER(TRIM(ref_no)) AS normalized_ref_no,
 MIN(ref_no) AS ref_no,
 MIN(bill_date) AS bill_date,
 ROUND(SUM(opening_amount), 2) AS opening_amount,
 ROUND(SUM(transaction_amount), 2) AS transaction_amount,
 ROUND(SUM(closing_balance), 2) AS closing_balance
 FROM final_payables
 GROUP BY
 ledger_guid,
 party_name,
 UPPER(TRIM(ref_no))
)
--------------------------------------------------------------
-- Final Party Wise Pending Payables
--------------------------------------------------------------
SELECT
 party_name,
 ROUND(
 SUM(ABS(closing_balance)),
 2) AS total_pending_payable
FROM final_bill_closing
WHERE
 ----------------------------------------------------------
 -- Pending Payable Bills
 ----------------------------------------------------------
 ROUND(closing_balance, 2) > 0
 ----------------------------------------------------------
 -- Remove Fully Cleared Bills
 ----------------------------------------------------------
 AND ROUND(closing_balance, 2) <> 0
GROUP BY
 party_name
ORDER BY
 total_pending_payable DESC,
 party_name;"
G214,What are the <vendor name> Payable(outstanding_amount)?,"WITH opening_bills AS (
 ----------------------------------------------------------
 -- Proper Opening Bill Allocations
 ----------------------------------------------------------
 SELECT
 ml.guid AS ledger_guid,
 ml.name AS party_name,
 UPPER(TRIM(ob.name)) AS normalized_ref_no,
 TRIM(ob.name) AS ref_no,
 ob.bill_date,
 COALESCE(ob.bill_credit_period,0) AS bill_credit_period,
 (
 ob.bill_date +
 (
 COALESCE(ob.bill_credit_period,0)
 || ' days'
 )::interval
 )::date AS due_date,
 ROUND(ob.opening_balance, 2) AS opening_amount
 FROM mst_opening_bill_allocation ob
 JOIN mst_ledger ml
 ON ob._ledger = ml.guid
 WHERE
 ------------------------------------------------------
 -- Remove Empty Bill Names
 ------------------------------------------------------
 TRIM(COALESCE(ob.name, '')) <> ''
 ------------------------------------------------------
 -- Exclude On Account
 ------------------------------------------------------
 AND UPPER(TRIM(ob.name)) <> 'ON ACCOUNT'
),
transaction_bills AS (
 ----------------------------------------------------------
 -- All Bill Transactions
 ----------------------------------------------------------
 SELECT
 l.guid AS ledger_guid,
 l.name AS party_name,
 UPPER(TRIM(b.name)) AS normalized_ref_no,
 TRIM(b.name) AS ref_no,
 MIN(v.date) AS bill_date,
 MAX(
 COALESCE(
 b.bill_credit_period,
 l.bill_credit_period,
 0
 )
 ) AS bill_credit_period,
 MIN(
 (
 v.date +
 (
 COALESCE(
 b.bill_credit_period,
 l.bill_credit_period,
 0
 ) || ' days'
 )::interval
 )::date
 ) AS due_date,
 ROUND(SUM(b.amount), 2) AS transaction_amount
 FROM trn_bill b
 JOIN mst_ledger l
 ON b._ledger = l.guid
 JOIN trn_voucher v
 ON b.guid = v.guid
 WHERE
 v.is_order_voucher = 0
 ------------------------------------------------------
 -- Remove Empty Bill Names
 ------------------------------------------------------
 AND TRIM(COALESCE(b.name, '')) <> ''
 ------------------------------------------------------
 -- Exclude On Account
 ------------------------------------------------------
 AND UPPER(TRIM(b.name)) <> 'ON ACCOUNT'
 GROUP BY
 l.guid,
 l.name,
 UPPER(TRIM(b.name)),
 TRIM(b.name)
),
opening_adjusted_bills AS (
 ----------------------------------------------------------
 -- Net Opening Bills Against Same Bill Ref
 ----------------------------------------------------------
 SELECT
 ob.ledger_guid,
 ob.party_name,
 ob.ref_no,
 ob.bill_date,
 ob.bill_credit_period,
 ob.due_date,
 ROUND(ob.opening_amount, 2) AS opening_amount,
 ROUND(
 COALESCE(tb.transaction_amount, 0),
 2) AS transaction_amount,
 ROUND(
 ob.opening_amount
 +
 COALESCE(tb.transaction_amount, 0),
 2) AS closing_balance
 FROM opening_bills ob
 LEFT JOIN transaction_bills tb
 ON ob.ledger_guid = tb.ledger_guid
 ------------------------------------------------------
 -- Proper Ref Matching
 ------------------------------------------------------
 AND ob.normalized_ref_no = tb.normalized_ref_no
),
transaction_only_bills AS (
 ----------------------------------------------------------
 -- Bills Existing Only In Transactions
 ----------------------------------------------------------
 SELECT
 tb.ledger_guid,
 tb.party_name,
 tb.ref_no,
 tb.bill_date,
 tb.bill_credit_period,
 tb.due_date,
 0 AS opening_amount,
 ROUND(tb.transaction_amount, 2) AS transaction_amount,
 ROUND(tb.transaction_amount, 2) AS closing_balance
 FROM transaction_bills tb
 WHERE NOT EXISTS (
 SELECT 1
 FROM opening_bills ob
 WHERE
 ob.ledger_guid = tb.ledger_guid
 --------------------------------------------------
 -- Proper Ref Matching
 --------------------------------------------------
 AND ob.normalized_ref_no = tb.normalized_ref_no
 )
),
final_payables AS (
 ----------------------------------------------------------
 -- Combine Opening + Transaction Bills
 ----------------------------------------------------------
 SELECT
 ledger_guid,
 party_name,
 ref_no,
 bill_date,
 bill_credit_period,
 due_date,
 opening_amount,
 transaction_amount,
 closing_balance
 FROM opening_adjusted_bills
 UNION ALL
 SELECT
 ledger_guid,
 party_name,
 ref_no,
 bill_date,
 bill_credit_period,
 due_date,
 opening_amount,
 transaction_amount,
 closing_balance
 FROM transaction_only_bills
),
final_bill_closing AS (
 ----------------------------------------------------------
 -- Final Consolidated Bill Closing
 ----------------------------------------------------------
 SELECT
 ledger_guid,
 party_name,
 UPPER(TRIM(ref_no)) AS normalized_ref_no,
 MIN(ref_no) AS ref_no,
 MIN(bill_date) AS bill_date,
 MAX(bill_credit_period) AS bill_credit_period,
 MIN(due_date) AS due_date,
 ROUND(SUM(opening_amount), 2) AS opening_amount,
 ROUND(SUM(transaction_amount), 2) AS transaction_amount,
 ROUND(SUM(closing_balance), 2) AS closing_balance
 FROM final_payables
 GROUP BY
 ledger_guid,
 party_name,
 UPPER(TRIM(ref_no))
)
--------------------------------------------------------------
-- Final Pending Payables
--------------------------------------------------------------
SELECT
 party_name,
 ref_no,
 bill_date,
 bill_credit_period,
 due_date,
 CASE
 WHEN (CURRENT_DATE::date - due_date) < 0
 THEN 'On Track'
 WHEN (CURRENT_DATE::date - due_date) = 0
 THEN 'Due Today'
 ELSE 'Overdue'
 END AS due_status,
 CASE
 WHEN (CURRENT_DATE::date - due_date) <= 30
 THEN 'LOW RISK'
 WHEN (CURRENT_DATE::date - due_date) BETWEEN 31 AND 90
 THEN 'MEDIUM RISK'
 ELSE 'HIGH RISK'
 END AS risk_level,
 opening_amount,
 transaction_amount,
 ABS(closing_balance) AS payable_amount,
 CASE
 WHEN (CURRENT_DATE::date - due_date) <= 30
 THEN ABS(closing_balance)
 ELSE 0
 END AS ""< 30 days"",
 CASE
 WHEN (CURRENT_DATE::date - due_date) BETWEEN 31 AND 60
 THEN ABS(closing_balance)
 ELSE 0
 END AS ""30 to 60 days"",
 CASE
 WHEN (CURRENT_DATE::date - due_date) BETWEEN 61 AND 90
 THEN ABS(closing_balance)
 ELSE 0
 END AS ""60 to 90 days"",
 CASE
 WHEN (CURRENT_DATE::date - due_date) > 90
 THEN ABS(closing_balance)
 ELSE 0
 END AS ""> 90 days""
FROM final_bill_closing
WHERE
 ----------------------------------------------------------
 -- Pending Payable Bills
 ----------------------------------------------------------
 ROUND(closing_balance, 2) > 0
 ----------------------------------------------------------
 -- Remove Fully Cleared Bills
 ----------------------------------------------------------
 AND ROUND(closing_balance, 2) <> 0
ORDER BY
 payable_amount DESC,
 party_name,
 bill_date,
 ref_no;"
G215,Give me PAYMENT voucher data,"WITH opening_bills AS (
 ----------------------------------------------------------
 -- Proper Opening Bill Allocations
 ----------------------------------------------------------
 SELECT
 ml.guid AS ledger_guid,
 ml.name AS party_name,
 UPPER(TRIM(ob.name)) AS normalized_ref_no,
 TRIM(ob.name) AS ref_no,
 ob.bill_date,
 COALESCE(ob.bill_credit_period,0) AS bill_credit_period,
 (
 ob.bill_date +
 (
 COALESCE(ob.bill_credit_period,0)
 || ' days'
 )::interval
 )::date AS due_date,
 ROUND(ob.opening_balance, 2) AS opening_amount
 FROM mst_opening_bill_allocation ob
 JOIN mst_ledger ml
 ON ob._ledger = ml.guid
 WHERE
 ------------------------------------------------------
 -- Remove Empty Bill Names
 ------------------------------------------------------
 TRIM(COALESCE(ob.name, '')) <> ''
 ------------------------------------------------------
 -- Exclude On Account
 ------------------------------------------------------
 AND UPPER(TRIM(ob.name)) <> 'ON ACCOUNT'
),
transaction_bills AS (
 ----------------------------------------------------------
 -- All Bill Transactions
 ----------------------------------------------------------
 SELECT
 l.guid AS ledger_guid,
 l.name AS party_name,
 UPPER(TRIM(b.name)) AS normalized_ref_no,
 TRIM(b.name) AS ref_no,
 MIN(v.date) AS bill_date,
 MAX(
 COALESCE(
 b.bill_credit_period,
 l.bill_credit_period,
 0
 )
 ) AS bill_credit_period,
 MIN(
 (
 v.date +
 (
 COALESCE(
 b.bill_credit_period,
 l.bill_credit_period,
 0
 ) || ' days'
 )::interval
 )::date
 ) AS due_date,
 ROUND(SUM(b.amount), 2) AS transaction_amount
 FROM trn_bill b
 JOIN mst_ledger l
 ON b._ledger = l.guid
 JOIN trn_voucher v
 ON b.guid = v.guid
 WHERE
 v.is_order_voucher = 0
 ------------------------------------------------------
 -- Remove Empty Bill Names
 ------------------------------------------------------
 AND TRIM(COALESCE(b.name, '')) <> ''
 ------------------------------------------------------
 -- Exclude On Account
 ------------------------------------------------------
 AND UPPER(TRIM(b.name)) <> 'ON ACCOUNT'
 GROUP BY
 l.guid,
 l.name,
 UPPER(TRIM(b.name)),
 TRIM(b.name)
),
opening_adjusted_bills AS (
 ----------------------------------------------------------
 -- Net Opening Bills Against Same Bill Ref
 ----------------------------------------------------------
 SELECT
 ob.ledger_guid,
 ob.party_name,
 ob.ref_no,
 ob.bill_date,
 ob.bill_credit_period,
 ob.due_date,
 ROUND(ob.opening_amount, 2) AS opening_amount,
 ROUND(
 COALESCE(tb.transaction_amount, 0),
 2) AS transaction_amount,
 ROUND(
 ob.opening_amount
 +
 COALESCE(tb.transaction_amount, 0),
 2) AS closing_balance
 FROM opening_bills ob
 LEFT JOIN transaction_bills tb
 ON ob.ledger_guid = tb.ledger_guid
 ------------------------------------------------------
 -- Proper Ref Matching
 ------------------------------------------------------
 AND ob.normalized_ref_no = tb.normalized_ref_no
),
transaction_only_bills AS (
 ----------------------------------------------------------
 -- Bills Existing Only In Transactions
 ----------------------------------------------------------
 SELECT
 tb.ledger_guid,
 tb.party_name,
 tb.ref_no,
 tb.bill_date,
 tb.bill_credit_period,
 tb.due_date,
 0 AS opening_amount,
 ROUND(tb.transaction_amount, 2) AS transaction_amount,
 ROUND(tb.transaction_amount, 2) AS closing_balance
 FROM transaction_bills tb
 WHERE NOT EXISTS (
 SELECT 1
 FROM opening_bills ob
 WHERE
 ob.ledger_guid = tb.ledger_guid
 --------------------------------------------------
 -- Proper Ref Matching
 --------------------------------------------------
 AND ob.normalized_ref_no = tb.normalized_ref_no
 )
),
final_payables AS (
 ----------------------------------------------------------
 -- Combine Opening + Transaction Bills
 ----------------------------------------------------------
 SELECT
 ledger_guid,
 party_name,
 ref_no,
 bill_date,
 bill_credit_period,
 due_date,
 opening_amount,
 transaction_amount,
 closing_balance
 FROM opening_adjusted_bills
 UNION ALL
 SELECT
 ledger_guid,
 party_name,
 ref_no,
 bill_date,
 bill_credit_period,
 due_date,
 opening_amount,
 transaction_amount,
 closing_balance
 FROM transaction_only_bills
),
final_bill_closing AS (
 ----------------------------------------------------------
 -- Final Consolidated Bill Closing
 ----------------------------------------------------------
 SELECT
 ledger_guid,
 party_name,
 UPPER(TRIM(ref_no)) AS normalized_ref_no,
 MIN(ref_no) AS ref_no,
 MIN(bill_date) AS bill_date,
 MAX(bill_credit_period) AS bill_credit_period,
 MIN(due_date) AS due_date,
 ROUND(SUM(opening_amount), 2) AS opening_amount,
 ROUND(SUM(transaction_amount), 2) AS transaction_amount,
 ROUND(SUM(closing_balance), 2) AS closing_balance
 FROM final_payables
 GROUP BY
 ledger_guid,
 party_name,
 UPPER(TRIM(ref_no))
)
--------------------------------------------------------------
-- Final Pending Payables
--------------------------------------------------------------
SELECT
 party_name,
 ref_no,
 bill_date,
 bill_credit_period,
 due_date,
 CASE
 WHEN (CURRENT_DATE::date - due_date) < 0
 THEN 'On Track'
 WHEN (CURRENT_DATE::date - due_date) = 0
 THEN 'Due Today'
 ELSE 'Overdue'
 END AS due_status,
 CASE
 WHEN (CURRENT_DATE::date - due_date) <= 30
 THEN 'LOW RISK'
 WHEN (CURRENT_DATE::date - due_date) BETWEEN 31 AND 90
 THEN 'MEDIUM RISK'
 ELSE 'HIGH RISK'
 END AS risk_level,
 opening_amount,
 transaction_amount,
 ABS(closing_balance) AS payable_amount,
 CASE
 WHEN (CURRENT_DATE::date - due_date) <= 30
 THEN ABS(closing_balance)
 ELSE 0
 END AS ""< 30 days"",
 CASE
 WHEN (CURRENT_DATE::date - due_date) BETWEEN 31 AND 60
 THEN ABS(closing_balance)
 ELSE 0
 END AS ""30 to 60 days"",
 CASE
 WHEN (CURRENT_DATE::date - due_date) BETWEEN 61 AND 90
 THEN ABS(closing_balance)
 ELSE 0
 END AS ""60 to 90 days"",
 CASE
 WHEN (CURRENT_DATE::date - due_date) > 90
 THEN ABS(closing_balance)
 ELSE 0
 END AS ""> 90 days""
FROM final_bill_closing
WHERE
 ----------------------------------------------------------
 -- Pending Payable Bills
 ----------------------------------------------------------
 ROUND(closing_balance, 2) > 0
 ----------------------------------------------------------
 -- Remove Fully Cleared Bills
 ----------------------------------------------------------
 AND ROUND(closing_balance, 2) <> 0
ORDER BY
 payable_amount DESC,
 party_name,
 bill_date,
 ref_no;"
G216,"Give me the closing stock summary for all stock locations/branches.
Include item name, location name, quantity, rate, value.","WITH opening_entries AS (
 ----------------------------------------------------------
 -- Opening Payable Bills
 ----------------------------------------------------------
 SELECT
 ml.guid AS ledger_guid,
 ml.name AS party_name,
 NULL::text AS voucher_number,
 'OPENING' AS voucher_type,
 NULL::text AS reference_number,
 NULL::date AS reference_date,
 UPPER(TRIM(ob.name)) AS normalized_ref_no,
 TRIM(ob.name) AS ref_no,
 ob.bill_date,
 COALESCE(ob.bill_credit_period,0) AS bill_credit_period,
 (
 ob.bill_date +
 (
 COALESCE(ob.bill_credit_period,0)
 || ' days'
 )::interval
 )::date AS due_date,
 ROUND(ob.opening_balance,2) AS amount
 FROM mst_opening_bill_allocation ob
 JOIN mst_ledger ml
 ON ob._ledger = ml.guid
 WHERE
 ------------------------------------------------------
 -- Remove Empty Bill Names
 ------------------------------------------------------
 TRIM(COALESCE(ob.name,'')) <> ''
 ------------------------------------------------------
 -- Exclude On Account
 ------------------------------------------------------
 AND UPPER(TRIM(ob.name)) <> 'ON ACCOUNT'
),
transaction_entries AS (
 ----------------------------------------------------------
 -- Bill Transactions
 ----------------------------------------------------------
 SELECT
 l.guid AS ledger_guid,
 l.name AS party_name,
 v.voucher_number,
 v.voucher_type,
 v.reference_number,
 v.reference_date,
 UPPER(TRIM(b.name)) AS normalized_ref_no,
 TRIM(b.name) AS ref_no,
 v.date AS bill_date,
 COALESCE(
 b.bill_credit_period,
 l.bill_credit_period,
 0
 ) AS bill_credit_period,
 (
 v.date +
 (
 COALESCE(
 b.bill_credit_period,
 l.bill_credit_period,
 0
 ) || ' days'
 )::interval
 )::date AS due_date,
 ROUND(b.amount,2) AS amount
 FROM trn_bill b
 JOIN mst_ledger l
 ON b._ledger = l.guid
 JOIN trn_voucher v
 ON b.guid = v.guid
 WHERE
 v.is_order_voucher = 0
 ------------------------------------------------------
 -- Remove Empty Bill Names
 ------------------------------------------------------
 AND TRIM(COALESCE(b.name,'')) <> ''
 ------------------------------------------------------
 -- Exclude On Account
 ------------------------------------------------------
 AND UPPER(TRIM(b.name)) <> 'ON ACCOUNT'
 AND v.date <= CURRENT_DATE
),
all_entries AS (
 ----------------------------------------------------------
 -- Combine Opening + Transactions
 ----------------------------------------------------------
 SELECT
 ledger_guid,
 party_name,
 voucher_number,
 voucher_type,
 reference_number,
 reference_date,
 normalized_ref_no,
 ref_no,
 bill_date,
 bill_credit_period,
 due_date,
 amount
 FROM opening_entries
 UNION ALL
 SELECT
 ledger_guid,
 party_name,
 voucher_number,
 voucher_type,
 reference_number,
 reference_date,
 normalized_ref_no,
 ref_no,
 bill_date,
 bill_credit_period,
 due_date,
 amount
 FROM transaction_entries
),
bill_closing AS (
 ----------------------------------------------------------
 -- Final Bill Netting
 ----------------------------------------------------------
 SELECT
 ledger_guid,
 party_name,
 normalized_ref_no,
 MIN(ref_no) AS ref_no,
 MIN(bill_date) AS bill_date,
 MAX(bill_credit_period) AS bill_credit_period,
 MIN(due_date) AS due_date,
 ROUND(SUM(amount),2) AS closing_balance
 FROM all_entries
 GROUP BY
 ledger_guid,
 party_name,
 normalized_ref_no
),
open_payables AS (
 ----------------------------------------------------------
 -- Only Pending Payable Bills
 ----------------------------------------------------------
 SELECT
 a.party_name,
 a.voucher_number,
 a.voucher_type,
 a.reference_number,
 a.reference_date,
 a.ref_no,
 a.bill_date,
 a.bill_credit_period,
 a.due_date,
 ROUND(a.amount,2) AS transaction_amount,
 ROUND(b.closing_balance,2) AS payable_amount,
 (CURRENT_DATE::date - b.due_date) AS due_days,
 CASE
 WHEN b.due_date > CURRENT_DATE
 THEN 'On Track'
 WHEN b.due_date = CURRENT_DATE
 THEN 'Due Today'
 ELSE 'Overdue'
 END AS due_status,
 CASE
 WHEN (CURRENT_DATE::date - b.due_date) <= 30
 THEN 'LOW RISK'
 WHEN (CURRENT_DATE::date - b.due_date) BETWEEN 31 AND 90
 THEN 'MEDIUM RISK'
 ELSE 'HIGH RISK'
 END AS risk_level
 FROM all_entries a
 JOIN bill_closing b
 ON a.ledger_guid = b.ledger_guid
 AND a.normalized_ref_no = b.normalized_ref_no
 WHERE
 ------------------------------------------------------
 -- Only Pending Payables
 ------------------------------------------------------
 ROUND(b.closing_balance,2) > 0
)
--------------------------------------------------------------
-- Final Output
--------------------------------------------------------------
SELECT
 party_name,
 voucher_number,
 voucher_type,
 reference_number,
 reference_date,
 ref_no,
 bill_date,
 bill_credit_period,
 due_date,
 due_days,
 due_status,
 risk_level,
 payable_amount,
 transaction_amount,
 CASE
 WHEN due_days <= 30
 THEN payable_amount
 ELSE 0
 END AS ""< 30 days"",
 CASE
 WHEN due_days BETWEEN 31 AND 60
 THEN payable_amount
 ELSE 0
 END AS ""30 to 60 days"",
 CASE
 WHEN due_days BETWEEN 61 AND 90
 THEN payable_amount
 ELSE 0
 END AS ""60 to 90 days"",
 CASE
 WHEN due_days > 90
 THEN payable_amount
 ELSE 0
 END AS ""> 90 days""
FROM open_payables
ORDER BY
 party_name,
 ref_no,
 bill_date,
 voucher_number;"
G217,"Provide today vs last week comparison [today_sales, last_week_sales and difference_percent]","WITH opening_bills AS (
 ----------------------------------------------------------
 -- Proper Opening Bill Allocations
 ----------------------------------------------------------
 SELECT
 ml.guid AS ledger_guid,
 ml.name AS party_name,
 UPPER(TRIM(ob.name)) AS normalized_ref_no,
 TRIM(ob.name) AS ref_no,
 ob.bill_date,
 ROUND(ob.opening_balance, 2) AS opening_amount
 FROM mst_opening_bill_allocation ob
 JOIN mst_ledger ml
 ON ob._ledger = ml.guid
 WHERE
 ------------------------------------------------------
 -- Remove Empty Bill Names
 ------------------------------------------------------
 TRIM(COALESCE(ob.name, '')) <> ''
 ------------------------------------------------------
 -- Exclude On Account
 ------------------------------------------------------
 AND UPPER(TRIM(ob.name)) <> 'ON ACCOUNT'
),
transaction_bills AS (
 ----------------------------------------------------------
 -- All Bill Transactions
 ----------------------------------------------------------
 SELECT
 l.guid AS ledger_guid,
 l.name AS party_name,
 UPPER(TRIM(b.name)) AS normalized_ref_no,
 TRIM(b.name) AS ref_no,
 MIN(v.date) AS bill_date,
 ROUND(SUM(b.amount), 2) AS transaction_amount
 FROM trn_bill b
 JOIN mst_ledger l
 ON b._ledger = l.guid
 JOIN trn_voucher v
 ON b.guid = v.guid
 WHERE
 v.is_order_voucher = 0
 ------------------------------------------------------
 -- Remove Empty Bill Names
 ------------------------------------------------------
 AND TRIM(COALESCE(b.name, '')) <> ''
 ------------------------------------------------------
 -- Exclude On Account
 ------------------------------------------------------
 AND UPPER(TRIM(b.name)) <> 'ON ACCOUNT'
 GROUP BY
 l.guid,
 l.name,
 UPPER(TRIM(b.name)),
 TRIM(b.name)
),
opening_adjusted_bills AS (
 ----------------------------------------------------------
 -- Net Opening Bills Against Same Bill Ref
 ----------------------------------------------------------
 SELECT
 ob.ledger_guid,
 ob.party_name,
 ob.ref_no,
 ob.bill_date,
 ROUND(ob.opening_amount, 2) AS opening_amount,
 ROUND(
 COALESCE(tb.transaction_amount, 0),
 2) AS transaction_amount,
 ROUND(
 ob.opening_amount
 +
 COALESCE(tb.transaction_amount, 0),
 2) AS closing_balance
 FROM opening_bills ob
 LEFT JOIN transaction_bills tb
 ON ob.ledger_guid = tb.ledger_guid
 ------------------------------------------------------
 -- Proper Ref Matching
 ------------------------------------------------------
 AND ob.normalized_ref_no = tb.normalized_ref_no
),
transaction_only_bills AS (
 ----------------------------------------------------------
 -- Bills Existing Only In Transactions
 ----------------------------------------------------------
 SELECT
 tb.ledger_guid,
 tb.party_name,
 tb.ref_no,
 tb.bill_date,
 0 AS opening_amount,
 ROUND(tb.transaction_amount, 2) AS transaction_amount,
 ROUND(tb.transaction_amount, 2) AS closing_balance
 FROM transaction_bills tb
 WHERE NOT EXISTS (
 SELECT 1
 FROM opening_bills ob
 WHERE
 ob.ledger_guid = tb.ledger_guid
 --------------------------------------------------
 -- Proper Ref Matching
 --------------------------------------------------
 AND ob.normalized_ref_no = tb.normalized_ref_no
 )
),
final_payables AS (
 ----------------------------------------------------------
 -- Combine Opening + Transaction Bills
 ----------------------------------------------------------
 SELECT
 ledger_guid,
 party_name,
 ref_no,
 bill_date,
 opening_amount,
 transaction_amount,
 closing_balance
 FROM opening_adjusted_bills
 UNION ALL
 SELECT
 ledger_guid,
 party_name,
 ref_no,
 bill_date,
 opening_amount,
 transaction_amount,
 closing_balance
 FROM transaction_only_bills
),
final_bill_closing AS (
 ----------------------------------------------------------
 -- Final Consolidated Bill Closing
 ----------------------------------------------------------
 SELECT
 ledger_guid,
 party_name,
 UPPER(TRIM(ref_no)) AS normalized_ref_no,
 MIN(ref_no) AS ref_no,
 MIN(bill_date) AS bill_date,
 ROUND(SUM(opening_amount), 2) AS opening_amount,
 ROUND(SUM(transaction_amount), 2) AS transaction_amount,
 ROUND(SUM(closing_balance), 2) AS closing_balance
 FROM final_payables
 GROUP BY
 ledger_guid,
 party_name,
 UPPER(TRIM(ref_no))
)
--------------------------------------------------------------
-- Final Pending Payables
--------------------------------------------------------------
SELECT
 party_name,
 ref_no,
 bill_date,
 opening_amount,
 transaction_amount,
 ABS(closing_balance) AS payable_amount
FROM final_bill_closing
WHERE
 ----------------------------------------------------------
 -- Pending Payable Bills
 ----------------------------------------------------------
 ROUND(closing_balance, 2) > 0
 ----------------------------------------------------------
 -- Remove Fully Cleared Bills
 ----------------------------------------------------------
 AND ROUND(closing_balance, 2) <> 0
 AND UPPER(TRIM(party_name)) = UPPER(TRIM('2p sales'))
ORDER BY
 party_name,
 bill_date,
 ref_no;"
G218,Give WEEKLY MIS data for the last 7 days. This week,"SELECT
 tv.date AS ""Voucher Date"",
 tv.voucher_number AS ""Voucher Number"",
 mvt.name AS ""Voucher Type"",
 mvt.parent AS ""Voucher Type Parent"",
 ta.ledger AS ""Ledger Name"",
 ta.amount AS ""Amount""
FROM trn_voucher tv
JOIN trn_accounting ta
 ON tv.guid = ta.guid
JOIN mst_vouchertype mvt
 ON tv._voucher_type = mvt.guid
WHERE
 ----------------------------------------------------------
 -- Voucher Parent Should Be Payment
 ----------------------------------------------------------
 UPPER(TRIM(mvt.parent)) = 'PAYMENT'
 ----------------------------------------------------------
 -- Exclude Positive Amount
 ----------------------------------------------------------
 AND ta.amount <= 0
 ----------------------------------------------------------
 -- Actual Vouchers Only
 ----------------------------------------------------------
 AND tv.is_order_voucher = 0
 AND tv.is_inventory_voucher = 0
ORDER BY
 tv.date,
 tv.voucher_number;"
G219,What is stock movement summary?,"SELECT
 msi.name AS item_name,
 COALESCE(mg.name, 'Primary') AS location_name,
 msi.closing_balance AS quantity,
 msi.closing_rate AS rate,
 msi.closing_value AS value
FROM mst_stock_item msi
LEFT JOIN trn_inventory ti
 ON msi.guid = ti._item
LEFT JOIN mst_godown mg
 ON mg.guid = ti._godown
WHERE
 COALESCE(msi.closing_balance, 0) <> 0;"
G220,What is my stock turnover ratio?,"WITH sales_comparison AS (
 SELECT
 /* Sales on 1 July 2020 */
 ABS(COALESCE(SUM(
 CASE
 WHEN tv.date = DATE '2024-06-07'
 AND mg.primary_group = 'Sales Accounts'
 THEN ta.amount
 ELSE 0
 END
 ), 0)) AS today_sales,
 /* Sales for previous 7 days before 1 July 2020 */
 ABS(COALESCE(SUM(
 CASE
 WHEN tv.date BETWEEN DATE '2024-06-01'
 AND DATE '2024-06-06'
 AND mg.primary_group = 'Sales Accounts'
 THEN ta.amount
 ELSE 0
 END
 ), 0)) AS last_week_sales
 FROM trn_accounting ta
 JOIN trn_voucher tv
 ON ta.guid = tv.guid
 JOIN mst_ledger ml
 ON ta._ledger = ml.guid
 JOIN mst_group mg
 ON ml._parent = mg.guid
 WHERE
 tv.is_accounting_voucher = 1
)
SELECT
 today_sales,
 last_week_sales,
 ROUND(
 CASE
 WHEN last_week_sales = 0 THEN 0
 ELSE (
 (today_sales - last_week_sales)
 / last_week_sales
 ) * 100
 END,
 2
 ) AS difference_percent
FROM sales_comparison;"
G221,What is my average inventory value?,"SELECT
 DATE '2025-05-26' AS week_start_date,
 DATE '2025-06-01' AS week_end_date,
 /* ================= NET SALES ================= */
 (
 COALESCE(SUM(
 CASE
 WHEN mg.primary_group = 'Sales Accounts'
 AND vt.parent IN ('Sales', 'Credit Note')
 AND ta.amount < 0
 THEN ABS(ta.amount)
 ELSE 0
 END
 ), 0)
 -
 COALESCE(SUM(
 CASE
 WHEN mg.primary_group = 'Sales Accounts'
 AND vt.parent IN ('Sales', 'Credit Note')
 AND ta.amount > 0
 THEN ta.amount
 ELSE 0
 END
 ), 0)
 ) AS total_sales_amount,
 COUNT(DISTINCT CASE
 WHEN mg.primary_group = 'Sales Accounts'
 AND vt.parent IN ('Sales', 'Credit Note')
 THEN tv.guid
 END) AS total_sales_vouchers,
 /* ================= TOTAL EXPENSE ================= */
 ABS(COALESCE(SUM(
 CASE
 WHEN mg.primary_group IN (
 'Direct Expenses',
 'Indirect Expenses'
 )
 THEN ta.amount
 ELSE 0
 END
 ), 0)) AS total_expense_amount,
 /* ================= CASH INFLOW ================= */
 COALESCE(SUM(
 CASE
 WHEN vt.parent = 'Receipt'
 AND ta.amount > 0
 THEN ta.amount
 ELSE 0
 END
 ), 0) AS cash_inflow,
 /* ================= CASH OUTFLOW ================= */
 ABS(COALESCE(SUM(
 CASE
 WHEN vt.parent = 'Payment'
 AND ta.amount < 0
 THEN ta.amount
 ELSE 0
 END
 ), 0)) AS cash_outflow,
 /* ================= NET CASH FLOW ================= */
 (
 COALESCE(SUM(
 CASE
 WHEN vt.parent = 'Receipt'
 AND ta.amount > 0
 THEN ta.amount
 ELSE 0
 END
 ), 0)
 -
 ABS(COALESCE(SUM(
 CASE
 WHEN vt.parent = 'Payment'
 AND ta.amount < 0
 THEN ta.amount
 ELSE 0
 END
 ), 0))
 ) AS net_cash_flow,
 /* ================= TOP CUSTOMER ================= */
 COALESCE((
 SELECT
 tv2.party_name
 FROM trn_accounting ta2
 JOIN trn_voucher tv2
 ON ta2.guid = tv2.guid
 JOIN mst_vouchertype vt2
 ON tv2._voucher_type = vt2.guid
 JOIN mst_ledger ml2
 ON ta2._ledger = ml2.guid
 JOIN mst_group mg2
 ON ml2._parent = mg2.guid
 WHERE tv2.date BETWEEN DATE '2025-05-26'
 AND DATE '2025-06-01'
 AND mg2.primary_group = 'Sales Accounts'
 AND vt2.parent IN (
 'Sales',
 'Credit Note'
 )
 GROUP BY tv2.party_name
 ORDER BY ABS(SUM(ta2.amount)) DESC
 LIMIT 1
 ), 'NA') AS top_customer_name,
 /* ================= TOP VENDOR ================= */
 COALESCE((
 SELECT
 tv3.party_name
 FROM trn_accounting ta3
 JOIN trn_voucher tv3
 ON ta3.guid = tv3.guid
 JOIN mst_vouchertype vt3
 ON tv3._voucher_type = vt3.guid
 JOIN mst_ledger ml3
 ON ta3._ledger = ml3.guid
 JOIN mst_group mg3
 ON ml3._parent = mg3.guid
 WHERE tv3.date BETWEEN DATE '2025-05-26'
 AND DATE '2025-06-01'
 AND mg3.primary_group = 'Purchase Accounts'
 AND vt3.parent IN (
 'Purchase',
 'Debit Note'
 )
 GROUP BY tv3.party_name
 ORDER BY ABS(SUM(ta3.amount)) DESC
 LIMIT 1
 ), 'NA') AS top_vendor_name
FROM trn_accounting ta
JOIN trn_voucher tv
 ON ta.guid = tv.guid
JOIN mst_vouchertype vt
 ON tv._voucher_type = vt.guid
JOIN mst_ledger ml
 ON ta._ledger = ml.guid
JOIN mst_group mg
 ON ml._parent = mg.guid
WHERE tv.date BETWEEN DATE '2025-05-26'
 AND DATE '2025-06-01';"
G222,Which product gives highest profit?,"SELECT
 msi.name AS ""Stock Item"",
 msi.uom AS ""UOM"",
 ROUND(msi.opening_balance, 2) AS ""Opening Qty"",
 ROUND(SUM(
 CASE
 WHEN ti.quantity > 0
 THEN ti.quantity
 ELSE 0
 END
 ), 2) AS ""Inward Qty"",
 ROUND(SUM(
 CASE
 WHEN ti.quantity < 0
 THEN ABS(ti.quantity)
 ELSE 0
 END
 ), 2) AS ""Outward Qty"",
 ROUND(SUM(ti.quantity), 2) AS ""Net Movement"",
 ROUND(
 msi.opening_balance + SUM(ti.quantity),
 2
 ) AS ""Closing Qty""
FROM trn_inventory ti
INNER JOIN trn_voucher tv
 ON ti.guid = tv.guid
INNER JOIN mst_stock_item msi
 ON ti._item = msi.guid
LEFT JOIN mst_godown mg
 ON ti._godown = mg.guid
INNER JOIN mst_vouchertype mvt
 ON tv._voucher_type = mvt.guid
WHERE tv.date BETWEEN '2025-04-01' AND '2026-03-31'
AND COALESCE(mvt.parent, '') NOT IN (
 'Credit Note',
 'Debit Note',
 'Sales Order',
 'Purchase Order'
)
GROUP BY
 msi.name,
 msi.uom,
 msi.opening_balance
ORDER BY
 msi.name;"
G223,Which product has lowest margin?,"WITH pending_tracking AS (
 SELECT DISTINCT
 tb.guid
 FROM trn_batch tb
 WHERE
 tb.tracking_number IS NOT NULL
 AND TRIM(tb.tracking_number) <> ''
),
sales_value AS (
 SELECT
 SUM(
 CASE
 /* Sales Ledger */
 WHEN LOWER(mg.primary_group) = LOWER('Sales Accounts')
 THEN
 CASE
 /* Reduce Credit Notes */
 WHEN LOWER(mvt.parent) = LOWER('Credit Note')
 THEN ta.amount
 /* Normal Sales */
 ELSE ta.amount
 END
 ELSE 0
 END
 ) AS total_sales
 FROM trn_accounting ta
 JOIN trn_voucher tv
 ON ta.guid = tv.guid
 JOIN mst_ledger ml
 ON ta._ledger = ml.guid
 JOIN mst_group mg
 ON ml._parent = mg.guid
 JOIN mst_vouchertype mvt
 ON tv._voucher_type = mvt.guid
 WHERE
 tv.date BETWEEN '2019-04-01' AND '2021-02-13'
 /* Only Sales + Credit Note vouchers */
 AND (
 LOWER(mvt.parent) = LOWER('Sales')
 OR LOWER(mvt.parent) = LOWER('Credit Note')
 )
 /* Exclude Sales Order */
 AND LOWER(tv.voucher_type) <> LOWER('Sales Order')
 /* Only Sales Account Ledgers */
 AND LOWER(mg.primary_group) = LOWER('Sales Accounts')
 /* Remove Sales Bills Pending */
 AND tv.guid NOT IN (
 SELECT guid
 FROM pending_tracking
 )
),
closing_stock AS (
 SELECT
 SUM(closing_value) AS total_closing_stock
 FROM mst_stock_item
)
SELECT
 s.total_sales * -1 AS sales_value,
 cs.total_closing_stock AS closing_stock,
 ROUND(
 s.total_sales * -1
 / NULLIF(cs.total_closing_stock, 0),
 2) AS inventory_turnover
FROM sales_value s
CROSS JOIN closing_stock cs;"
G224,Which product is slow-moving?,"SELECT
 ROUND(SUM(opening_value), 2) AS total_opening_stock,
 ROUND(SUM(closing_value), 2) AS total_closing_stock,
 ROUND(
 (SUM(opening_value) + SUM(closing_value)) / 2
 , 2) AS average_inventory_value
FROM mst_stock_item;"
G225,What is product-wise profit report?,"WITH stock_values AS (
 SELECT
 msi.name AS stock_item,
 COALESCE(msi.opening_value, 0) AS opening_value,
 COALESCE(
 SUM(
 CASE
 WHEN ti.quantity > 0
 THEN ti.amount
 ELSE 0
 END
 ),
 0
 ) AS debit_value,
 COALESCE(msi.closing_value, 0) AS closing_value,
 COALESCE(
 SUM(
 CASE
 WHEN ti.quantity < 0
 THEN -ti.quantity
 ELSE 0
 END
 ),
 0
 ) AS outward_qty,
 COALESCE(
 SUM(
 CASE
 WHEN ti.quantity < 0
 THEN (-ti.quantity * ti.rate)
 ELSE 0
 END
 ),
 0
 ) AS gross_value
 FROM mst_stock_item msi
 LEFT JOIN trn_inventory ti
 ON ti._item = msi.guid
 GROUP BY
 msi.name,
 msi.opening_value,
 msi.closing_value
),
profit_calc AS (
 SELECT
 stock_item,
 outward_qty,
 gross_value,
 ABS(
 opening_value
 + debit_value
 - closing_value
 ) AS consumption_value
 FROM stock_values
)
SELECT
 stock_item AS ""Most Profitable Product"",
 ROUND(outward_qty, 2) AS ""Qty"",
 ROUND(gross_value, 2) AS ""Gross Value"",
 ROUND(consumption_value, 2) AS ""Consumption"",
 ROUND(
 gross_value - consumption_value,
 2
 ) AS ""Gross Profit"",
 ROUND(
 CASE
 WHEN gross_value <> 0
 THEN (
 (gross_value - consumption_value)
 / gross_value
 ) * 100
 ELSE 0
 END,
 2
 ) AS ""GP %""
FROM profit_calc
WHERE outward_qty > 0
ORDER BY
 ""Gross Profit"" DESC
LIMIT 1;"
G226,Which item has highest return?,"WITH stock_values AS (
 SELECT
 msi.name AS stock_item,
 /* Opening Stock Value */
 COALESCE(ABS(msi.opening_value), 0) AS opening_value,
 /*
 Inward Value
 Include:
 - Purchase
 - Manufacturing
 - Stock Journal In
 - Debit Note
 Exclude:
 - Receipt Note
 - Purchase Order
 - Credit Note
 */
 COALESCE(
 SUM(
 CASE
 WHEN (
 ti.quantity > 0
 OR LOWER(tv.voucher_type) = 'debit note'
 )
 AND LOWER(tv.voucher_type) NOT IN (
 'receipt note',
 'purchase order',
 'credit note'
 )
 THEN ABS(ti.amount)
 ELSE 0
 END
 ),
 0
 ) AS inward_value,
 /* Closing Stock Value */
 COALESCE(ABS(msi.closing_value), 0) AS closing_value,
 /*
 Outward / Sales Value
 Include:
 - Sales
 - Credit Note
 - Any outward stock movement
 Exclude:
 - Sales Order
 - Purchase Order
 */
 COALESCE(
 SUM(
 CASE
 WHEN (
 ti.quantity < 0
 OR LOWER(tv.voucher_type) = 'credit note'
 )
 AND LOWER(tv.voucher_type) NOT IN (
 'sales order',
 'purchase order'
 )
 THEN ABS(ti.amount)
 ELSE 0
 END
 ),
 0
 ) AS outward_value
 FROM mst_stock_item msi
 LEFT JOIN trn_inventory ti
 ON ti._item = msi.guid
 LEFT JOIN trn_voucher tv
 ON tv.guid = ti.guid
 GROUP BY
 msi.name,
 msi.opening_value,
 msi.closing_value
),
profit_calc AS (
 SELECT
 stock_item,
 opening_value,
 inward_value,
 outward_value,
 closing_value,
 outward_value AS gross_value,
 /*
 Consumption Formula:
 Opening + Inward - Closing
 */
 (
 opening_value
 + inward_value
 - closing_value
 ) AS consumption_value,
 /*
 Gross Profit Formula:
 Sales - Consumption
 */
 (
 outward_value
 -
 (
 opening_value
 + inward_value
 - closing_value
 )
 ) AS gross_profit
 FROM stock_values
)
SELECT
 stock_item AS ""Least Profitable Product"",
 ROUND(opening_value, 2) AS ""Opening Value"",
 ROUND(inward_value, 2) AS ""Inward Value"",
 ROUND(outward_value, 2) AS ""Outward Value"",
 ROUND(closing_value, 2) AS ""Closing Value"",
 ROUND(gross_value, 2) AS ""Gross Value"",
 ROUND(consumption_value, 2) AS ""Consumption"",
 ROUND(gross_profit, 2) AS ""Gross Profit"",
 ROUND(
 CASE
 WHEN gross_value <> 0
 THEN (gross_profit / gross_value) * 100
 ELSE 0
 END,
 2
 ) AS ""GP %""
FROM profit_calc
/*
 Lowest GP % first
*/
ORDER BY
 ""GP %"" ASC,
 gross_profit ASC
LIMIT 1;"
G227,Which item has highest demand?,"WITH stock_ageing AS (
 SELECT
 msi.name AS stock_item,
 /*
 Absolute Closing Stock Quantity
 */
 ABS(
 COALESCE(msi.closing_balance, 0)
 ) AS closing_stock_qty,
 /*
 Latest stock movement date
 considering BOTH inward and outward
 */
 MAX(tv.date) AS last_stock_movement_date
 FROM mst_stock_item msi
 LEFT JOIN trn_inventory ti
 ON ti._item = msi.guid
 LEFT JOIN trn_voucher tv
 ON tv.guid = ti.guid
 GROUP BY
 msi.name,
 msi.closing_balance
)
SELECT
 stock_item,
 last_stock_movement_date,
 /*
 Stock ageing days
 */
 CASE
 WHEN last_stock_movement_date IS NULL THEN 0
 ELSE DATE '2021-02-13'::date
 -
 last_stock_movement_date::date
 END AS ageing_days,
 ROUND(
 closing_stock_qty::numeric,
 2
 ) AS stock_qty
FROM stock_ageing
/*
 Remove zero quantity stock
*/
WHERE closing_stock_qty <> 0
/*
 Highest ageing first,
 then highest quantity
*/
ORDER BY
 ageing_days DESC,
 closing_stock_qty DESC
 limit 1;"
G228,Which stock is older than 30 days?,"WITH stock_values AS (
 SELECT
 msi.name AS stock_item,
 COALESCE(msi.opening_value, 0) AS opening_value,
 COALESCE(
 SUM(
 CASE
 WHEN ti.quantity > 0
 THEN ti.amount
 ELSE 0
 END
 ),
 0
 ) AS debit_value,
 COALESCE(msi.closing_value, 0) AS closing_value,
 COALESCE(
 SUM(
 CASE
 WHEN ti.quantity < 0
 THEN -ti.quantity
 ELSE 0
 END
 ),
 0
 ) AS outward_qty,
 COALESCE(
 SUM(
 CASE
 WHEN ti.quantity < 0
 THEN (-ti.quantity * ti.rate)
 ELSE 0
 END
 ),
 0
 ) AS gross_value
 FROM mst_stock_item msi
 LEFT JOIN trn_inventory ti
 ON ti._item = msi.guid
 GROUP BY
 msi.name,
 msi.opening_value,
 msi.closing_value
),
profit_calc AS (
 SELECT
 stock_item,
 outward_qty,
 gross_value,
 ABS(
 opening_value
 + debit_value
 - closing_value
 ) AS consumption_value
 FROM stock_values
)
SELECT
 stock_item AS ""Most Profitable Product"",
 ROUND(outward_qty, 2) AS ""Qty"",
 ROUND(gross_value, 2) AS ""Gross Value"",
 ROUND(consumption_value, 2) AS ""Consumption"",
 ROUND(
 gross_value - consumption_value,
 2
 ) AS ""Gross Profit"",
 ROUND(
 CASE
 WHEN gross_value <> 0
 THEN (
 (gross_value - consumption_value)
 / gross_value
 ) * 100
 ELSE 0
 END,
 2
 ) AS ""GP %""
FROM profit_calc
WHERE outward_qty > 0
ORDER BY
 ""Gross Profit"" DESC
LIMIT 1;"
G229,Which stock is older than 60 days?,"WITH stock_values AS (
 SELECT
 msi.name AS stock_item,
 COALESCE(msi.opening_value, 0) AS opening_value,
 COALESCE(
 SUM(
 CASE
 WHEN ti.quantity > 0
 THEN ti.amount
 ELSE 0
 END
 ),
 0
 ) AS debit_value,
 COALESCE(msi.closing_value, 0) AS closing_value,
 COALESCE(
 SUM(
 CASE
 WHEN ti.quantity < 0
 THEN -ti.quantity
 ELSE 0
 END
 ),
 0
 ) AS outward_qty,
 COALESCE(
 SUM(
 CASE
 WHEN ti.quantity < 0
 THEN (-ti.quantity * ti.rate)
 ELSE 0
 END
 ),
 0
 ) AS gross_value
 FROM mst_stock_item msi
 LEFT JOIN trn_inventory ti
 ON ti._item = msi.guid
 GROUP BY
 msi.name,
 msi.opening_value,
 msi.closing_value
),
profit_calc AS (
 SELECT
 stock_item,
 outward_qty,
 gross_value,
 ABS(
 opening_value
 + debit_value
 - closing_value
 ) AS consumption_value
 FROM stock_values
)
SELECT
 stock_item AS ""Most Profitable Product"",
 ROUND(outward_qty, 2) AS ""Qty"",
 ROUND(gross_value, 2) AS ""Gross Value"",
 ROUND(consumption_value, 2) AS ""Consumption"",
 ROUND(
 gross_value - consumption_value,
 2
 ) AS ""Gross Profit"",
 ROUND(
 CASE
 WHEN gross_value <> 0
 THEN (
 (gross_value - consumption_value)
 / gross_value
 ) * 100
 ELSE 0
 END,
 2
 ) AS ""GP %""
FROM profit_calc
WHERE outward_qty > 0
ORDER BY
 ""Gross Profit"" DESC
LIMIT 1;"
G230,Which stock is older than 90 days?,"WITH sales AS (
 SELECT
 ti._item,
 si.name,
 /*
 Total outward quantity
 */
 SUM(
 ABS(
 COALESCE(ti.quantity, 0)
 )
 ) AS demand_qty,
 /*
 Total outward value
 */
 SUM(
 ABS(
 COALESCE(ti.amount, 0)
 )
 ) AS demand_value
 FROM trn_inventory ti
 INNER JOIN trn_voucher tv
 ON ti.guid = tv.guid
 INNER JOIN mst_vouchertype vt
 ON tv._voucher_type = vt.guid
 INNER JOIN mst_stock_item si
 ON ti._item = si.guid
 WHERE
 /*
 Only outward stock movement
 */
 ti.quantity < 0
 /*
 Only selected voucher types
 */
 AND LOWER(vt.name) IN (
 LOWER('Delivery Note'),
 LOWER('Sales'),
 LOWER('Rejections Out'),
 LOWER('Stock Journal')
 )
 /*
 Date range
 */
 AND tv.date BETWEEN DATE '2025-04-01'
 AND DATE '2026-03-31'
 GROUP BY
 ti._item,
 si.name
)
SELECT
 name AS product_name,
 ROUND(demand_qty::numeric, 2) AS demand_qty,
 ROUND(demand_value::numeric, 2) AS demand_value
FROM sales
ORDER BY demand_qty DESC
 limit 1;"
